year,attribute,response,synth_count,ref_prop,synth_prop
2018,acquired_brain_injury,Unknown,8441,0.0,1.0
2018,age_first_homeless,25 to 49 years old,3597,0.4229,0.4261
2018,age_first_homeless,13 to 17 years old,2597,0.3057,0.3077
2018,age_first_homeless,18 to 24 years old,904,0.1107,0.1071
2018,age_first_homeless,50 to 64 years old,875,0.105,0.1037
2018,age_first_homeless,Under 12 years old,356,0.0436,0.0422
2018,age_first_homeless,Over 65 years old,112,0.0121,0.0133
2018,age_group,25 to 49 years old,4925,0.5921,0.5835
2018,age_group,50 to 64 years old,2164,0.2443,0.2564
2018,age_group,18 to 24 years old,700,0.0871,0.0829
2018,age_group,13 to 17 years old,355,0.04,0.0421
2018,age_group,Over 65 years old,297,0.0364,0.0352
2018,cause_housing_loss,Substance use,1393,0.1607,0.165
2018,cause_housing_loss,Other,1277,0.1564,0.1513
2018,cause_housing_loss,Incarceration (prison or jail),702,0.0857,0.0832
2018,cause_housing_loss,Unable to pay rent or mortgage,680,0.0779,0.0806
2018,cause_housing_loss,Unsafe housing,672,0.0829,0.0796
2018,cause_housing_loss,Conflict with spouse/partner,639,0.0771,0.0757
2018,cause_housing_loss,Health issue,589,0.0743,0.0698
2018,cause_housing_loss,Left country/fleeing war,537,0.0564,0.0636
2018,cause_housing_loss,Job loss,521,0.0593,0.0617
2018,cause_housing_loss,Conflict with parent/guardian,446,0.05,0.0528
2018,cause_housing_loss,Experienced abuse by spouse/partner,259,0.0343,0.0307
2018,cause_housing_loss,Hospitalization or treatment program,226,0.025,0.0268
2018,cause_housing_loss,Experienced abuse by parent/guardian,207,0.025,0.0245
2018,cause_housing_loss,Evicted,183,0.0229,0.0217
2018,cause_housing_loss,Relocation,110,0.0121,0.013
2018,citizenship,Unknown,8441,0.0,1.0
2018,covid_housing_loss,Unknown,8441,0.0,1.0
2018,dependents_tonight,Unknown,8441,0.0,1.0
2018,duration_homeless_past_year,More than 180 days,5036,0.6014,0.5966
2018,duration_homeless_past_year,Less than 180 days,3405,0.3986,0.4034
2018,education,Unknown,8441,0.0,1.0
2018,episodes_homeless_past_year,Less than 3 episodes of homelessness,6849,0.8157,0.8114
2018,episodes_homeless_past_year,3 or more episodes of homelessness,1592,0.1843,0.1886
2018,family_members_tonight,Accompanied by family member(s) or other(s),8441,1.0,1.0
2018,foster_care,No,6144,0.7293,0.7279
2018,foster_care,Yes,2297,0.2707,0.2721
2018,foster_care_how_long_ago,5 or more years,6388,0.7621,0.7568
2018,foster_care_how_long_ago,2 to 5 years,1266,0.1479,0.15
2018,foster_care_how_long_ago,1 year or less,787,0.09,0.0932
2018,foster_care_to_homeless,Unknown,8441,0.0,1.0
2018,gender,Men,6475,0.7677,0.7671
2018,gender,Women,1966,0.2323,0.2329
2018,health_challenges,Addiction,2761,0.3314,0.3271
2018,health_challenges,Mental health issue,2463,0.2836,0.2918
2018,health_challenges,Medical condition,1881,0.2257,0.2228
2018,health_challenges,Physical disability,1336,0.1593,0.1583
2018,housing_challenges,Unknown,8441,0.0,1.0
2018,housing_loss_how_long_ago,Unknown,8441,0.0,1.0
2018,immigration_status,No,6242,0.7343,0.7395
2018,immigration_status,"Yes, immigrant",1159,0.1436,0.1373
2018,immigration_status,"Yes, refugee or refugee claimant",1040,0.1221,0.1232
2018,income_sources,Ontario Works,3981,0.4779,0.4716
2018,income_sources,Disability benefit,2067,0.2479,0.2449
2018,income_sources,Employment,750,0.0893,0.0889
2018,income_sources,Other,425,0.0464,0.0503
2018,income_sources,Seniors' benefits,389,0.0443,0.0461
2018,income_sources,Child and family tax benefits,205,0.0236,0.0243
2018,income_sources,Informal income (eg. bottle returns),186,0.02,0.022
2018,income_sources,GST/HST refund,140,0.0164,0.0166
2018,income_sources,Money from family/friends,112,0.0136,0.0133
2018,income_sources,Employment insurance,101,0.0114,0.012
2018,income_sources,Student loans,85,0.0093,0.0101
2018,language,English,6000,0.71,0.7108
2018,language,French,1183,0.1407,0.1401
2018,language,Neither English or French,721,0.0871,0.0854
2018,language,No preference,537,0.0621,0.0636
2018,location_tonight,Emergency shelter,4925,0.5807,0.5835
2018,location_tonight,Transitional housing,1350,0.16,0.1599
2018,location_tonight,Motel / Hotel,749,0.0893,0.0887
2018,location_tonight,Someone else's Place,615,0.0743,0.0729
2018,location_tonight,Institution,397,0.0486,0.047
2018,location_tonight,Unsheltered,187,0.0236,0.0222
2018,location_tonight,Unsure,108,0.0114,0.0128
2018,location_tonight,Other,70,0.0079,0.0083
2018,location_tonight,"Makeshift Shelter, Tent or Shack",26,0.0029,0.0031
2018,location_tonight,Vehicle,14,0.0014,0.0017
2018,military_service,Did not serve in Canadian military and/or RCMP,7958,0.9414,0.9428
2018,military_service,Served in Canadian military and/or RCMP,483,0.0586,0.0572
2018,num_health_conditions,2 health conditions,2868,0.3379,0.3398
2018,num_health_conditions,1 health condition,2694,0.3114,0.3192
2018,num_health_conditions,3 health conditions,1839,0.2236,0.2179
2018,num_health_conditions,4 health conditions,1040,0.1271,0.1232
2018,racial_identity,Non-racialized,4361,0.5143,0.5166
2018,racial_identity,Racialized,4080,0.4857,0.4834
2018,reason_came_to_ottawa,Unknown,8441,0.0,1.0
2018,reasons_not_in_shelter,Unknown,8441,0.0,1.0
2018,sexual_orientation,Heterosexual,7580,0.8979,0.898
2018,sexual_orientation,"Gay, lesbian and other",861,0.1021,0.102
2018,shelter_past_year,Yes,6970,0.8336,0.8257
2018,shelter_past_year,No,1471,0.1664,0.1743
2018,support_needs,Unknown,8441,0.0,1.0
2018,time_in_canada,Over 5 years,4010,0.475,0.4751
2018,time_in_canada,Under 1 year,3414,0.4057,0.4045
2018,time_in_canada,1 to 5 years,1017,0.1193,0.1205
2018,time_in_ottawa,Under 1 year,2853,0.3286,0.338
2018,time_in_ottawa,Over 5 years,2409,0.2964,0.2854
2018,time_in_ottawa,Always been in Ottawa,1687,0.1993,0.1999
2018,time_in_ottawa,1 to 5 years,1492,0.1757,0.1768
2018,want_permanent_housing,Unknown,8441,0.0,1.0
2019,acquired_brain_injury,No,6537,0.7485,0.751
2019,acquired_brain_injury,Yes,2167,0.2515,0.249
2019,age_first_homeless,25 to 49 years old,3764,0.4307,0.4324
2019,age_first_homeless,13 to 17 years old,2481,0.2852,0.285
2019,age_first_homeless,18 to 24 years old,1235,0.1375,0.1419
2019,age_first_homeless,50 to 64 years old,817,0.0951,0.0939
2019,age_first_homeless,Under 12 years old,291,0.0383,0.0334
2019,age_first_homeless,Over 65 years old,116,0.0133,0.0133
2019,age_group,25 to 49 years old,5102,0.5935,0.5862
2019,age_group,50 to 64 years old,2153,0.2407,0.2474
2019,age_group,18 to 24 years old,800,0.0914,0.0919
2019,age_group,Over 65 years old,330,0.0387,0.0379
2019,age_group,13 to 17 years old,319,0.0356,0.0366
2019,cause_housing_loss,Other,902,0.1043,0.1036
2019,cause_housing_loss,Substance use,890,0.1071,0.1023
2019,cause_housing_loss,Conflict with spouse/partner,699,0.081,0.0803
2019,cause_housing_loss,Incarceration (prison or jail),671,0.077,0.0771
2019,cause_housing_loss,Not enough income for housing,521,0.0622,0.0599
2019,cause_housing_loss,Unsafe housing,468,0.0552,0.0538
2019,cause_housing_loss,Health issue,459,0.0495,0.0527
2019,cause_housing_loss,Conflict with parent/guardian,452,0.0515,0.0519
2019,cause_housing_loss,Unable to pay rent or mortgage,452,0.0519,0.0519
2019,cause_housing_loss,Experienced abuse by spouse/partner,362,0.0405,0.0416
2019,cause_housing_loss,Left country/fleeing war,345,0.0376,0.0396
2019,cause_housing_loss,Job loss,344,0.0395,0.0395
2019,cause_housing_loss,Substance use issue,333,0.0346,0.0383
2019,cause_housing_loss,Landlord/tenant conflict,229,0.0291,0.0263
2019,cause_housing_loss,Hospitalization or treatment program,226,0.0246,0.026
2019,cause_housing_loss,Relocation,204,0.0238,0.0234
2019,cause_housing_loss,Mental health issue,185,0.0182,0.0213
2019,cause_housing_loss,Experienced abuse by parent/guardian,177,0.0211,0.0203
2019,cause_housing_loss,Unfit/unsafe housing conditions,168,0.0204,0.0193
2019,cause_housing_loss,Evicted,142,0.0152,0.0163
2019,cause_housing_loss,Conflict with roomate,80,0.009,0.0092
2019,cause_housing_loss,"Complaint (eg. pets, noise, damage)",68,0.0085,0.0078
2019,cause_housing_loss,Departure of family member,57,0.0062,0.0065
2019,cause_housing_loss,Building sold/renovated,52,0.0062,0.006
2019,cause_housing_loss,Physical health issue,51,0.007,0.0059
2019,cause_housing_loss,Experienced abuse by other (unspecified),42,0.0045,0.0048
2019,cause_housing_loss,Conflict with other (unspecified),32,0.0042,0.0037
2019,cause_housing_loss,Conflict with family member,29,0.0025,0.0033
2019,cause_housing_loss,Experienced discrimination,29,0.0035,0.0033
2019,cause_housing_loss,Death of family member,15,0.002,0.0017
2019,cause_housing_loss,House fire,8,0.0007,0.0009
2019,cause_housing_loss,Owner moved in,6,0.0005,0.0007
2019,cause_housing_loss,Home takeover,6,0.0007,0.0007
2019,citizenship,Canadian citizen,7618,0.8769,0.8752
2019,citizenship,Permanent resident,768,0.0881,0.0882
2019,citizenship,Refugee claimant,274,0.0299,0.0315
2019,citizenship,Other,27,0.003,0.0031
2019,citizenship,Temporary foreign worker,17,0.0022,0.002
2019,covid_housing_loss,No,7399,0.8507,0.8501
2019,covid_housing_loss,Yes,1305,0.1493,0.1499
2019,dependents_tonight,Accompanied by dependent(s),8704,1.0,1.0
2019,duration_homeless_past_year,More than 180 days,5360,0.6119,0.6158
2019,duration_homeless_past_year,Less than 180 days,3344,0.3881,0.3842
2019,education,Less than high school,3361,0.3851,0.3861
2019,education,High school graduate,2322,0.2612,0.2668
2019,education,Post-secondary or higher,1921,0.2201,0.2207
2019,education,Some post-secondary,1100,0.1336,0.1264
2019,episodes_homeless_past_year,Less than 3 episodes of homelessness,7139,0.8157,0.8202
2019,episodes_homeless_past_year,3 or more episodes of homelessness,1565,0.1843,0.1798
2019,family_members_tonight,Accompanied by family member(s) or other(s),8704,1.0,1.0
2019,foster_care,No,6373,0.7337,0.7322
2019,foster_care,Yes,2331,0.2663,0.2678
2019,foster_care_how_long_ago,5 or more years,6702,0.7621,0.77
2019,foster_care_how_long_ago,2 to 5 years,1214,0.1479,0.1395
2019,foster_care_how_long_ago,1 year or less,788,0.09,0.0905
2019,foster_care_to_homeless,More than 1 year,4622,0.541,0.531
2019,foster_care_to_homeless,1 year or less,4082,0.459,0.469
2019,gender,Men,6479,0.7431,0.7444
2019,gender,Women,1918,0.2191,0.2204
2019,gender,Non-binary and other identities,307,0.0378,0.0353
2019,health_challenges,Mental health issue,2426,0.2866,0.2787
2019,health_challenges,Addiction,2026,0.221,0.2328
2019,health_challenges,Medical condition,1822,0.2109,0.2093
2019,health_challenges,Physical disability,935,0.1062,0.1074
2019,health_challenges,Substance use issue,723,0.0841,0.0831
2019,health_challenges,Learning/cognitive limitation,423,0.0488,0.0486
2019,health_challenges,Physical limitation,349,0.0425,0.0401
2019,housing_challenges,Low income,1863,0.209,0.214
2019,housing_challenges,Rents too high,1829,0.2179,0.2101
2019,housing_challenges,Addiction,799,0.0851,0.0918
2019,housing_challenges,No income assistance,672,0.0761,0.0772
2019,housing_challenges,Mental health,599,0.0679,0.0688
2019,housing_challenges,Discrimination,549,0.0657,0.0631
2019,housing_challenges,Poor housing conditions,543,0.0642,0.0624
2019,housing_challenges,Criminal history,414,0.0455,0.0476
2019,housing_challenges,Health/disability,390,0.0455,0.0448
2019,housing_challenges,Family conflict,254,0.0306,0.0292
2019,housing_challenges,Domestic violence,242,0.0261,0.0278
2019,housing_challenges,Lack of support,140,0.0172,0.0161
2019,housing_challenges,Children,108,0.0127,0.0124
2019,housing_challenges,Pets,107,0.0142,0.0123
2019,housing_challenges,Credit checks,71,0.0075,0.0082
2019,housing_challenges,Don't want housing,59,0.006,0.0068
2019,housing_challenges,Wait list for subsidized housing,44,0.0052,0.0051
2019,housing_challenges,Lack of housing stock,21,0.0037,0.0024
2019,housing_loss_how_long_ago,More than 180 days ago,5577,0.6336,0.6407
2019,housing_loss_how_long_ago,Less than 180 days ago,3127,0.3664,0.3593
2019,immigration_status,No,6458,0.7497,0.742
2019,immigration_status,"Yes, immigrant",1249,0.1385,0.1435
2019,immigration_status,"Yes, refugee or refugee claimant",997,0.1118,0.1145
2019,income_sources,Ontario Works,3841,0.432,0.4413
2019,income_sources,Disability benefit,2210,0.259,0.2539
2019,income_sources,Employment,559,0.0595,0.0642
2019,income_sources,Seniors' benefits,357,0.0417,0.041
2019,income_sources,Other,355,0.0407,0.0408
2019,income_sources,Child and family tax benefits,249,0.0296,0.0286
2019,income_sources,GST/HST refund,214,0.0259,0.0246
2019,income_sources,Informal income (eg. bottle returns),207,0.0253,0.0238
2019,income_sources,Employment insurance,171,0.0193,0.0196
2019,income_sources,No income,147,0.0167,0.0169
2019,income_sources,Money from family/friends,133,0.0163,0.0153
2019,income_sources,Part-time employment,77,0.0104,0.0088
2019,income_sources,Full-time employment,75,0.0102,0.0086
2019,income_sources,Casual employment,60,0.0072,0.0069
2019,income_sources,Student loans,49,0.0062,0.0056
2019,language,English,6182,0.71,0.7102
2019,language,French,1238,0.1407,0.1422
2019,language,Neither English or French,744,0.0871,0.0855
2019,language,No preference,540,0.0621,0.062
2019,location_tonight,Emergency shelter,5092,0.5717,0.585
2019,location_tonight,Transitional housing,1228,0.1485,0.1411
2019,location_tonight,Motel / Hotel,535,0.0595,0.0615
2019,location_tonight,Unsheltered,430,0.0471,0.0494
2019,location_tonight,Someone else's Place,429,0.0495,0.0493
2019,location_tonight,Institution,417,0.05,0.0479
2019,location_tonight,Someone else's place,266,0.0361,0.0306
2019,location_tonight,Unsure,167,0.0196,0.0192
2019,location_tonight,Other,47,0.0052,0.0054
2019,location_tonight,Encampment,43,0.006,0.0049
2019,location_tonight,Motel/hotel (self-funded),30,0.0032,0.0034
2019,location_tonight,"Makeshift Shelter, Tent or Shack",14,0.0019,0.0016
2019,location_tonight,Vehicle,6,0.0017,0.0007
2019,military_service,Did not serve in Canadian military and/or RCMP,8241,0.9455,0.9468
2019,military_service,Served in Canadian military and/or RCMP,463,0.0545,0.0532
2019,num_health_conditions,2 health conditions,2625,0.2944,0.3016
2019,num_health_conditions,1 health condition,2409,0.2825,0.2768
2019,num_health_conditions,3 health conditions,1800,0.2035,0.2068
2019,num_health_conditions,4 health conditions,1139,0.1293,0.1309
2019,num_health_conditions,0 health conditions,463,0.0557,0.0532
2019,num_health_conditions,5 health conditions,268,0.0346,0.0308
2019,racial_identity,Racialized,4634,0.528,0.5324
2019,racial_identity,Non-racialized,4070,0.472,0.4676
2019,reason_came_to_ottawa,To access services and supports,1888,0.2104,0.2169
2019,reason_came_to_ottawa,Family moved here,1619,0.1881,0.186
2019,reason_came_to_ottawa,Other,1391,0.1567,0.1598
2019,reason_came_to_ottawa,To visit friends/family,929,0.1045,0.1067
2019,reason_came_to_ottawa,Employment (seeking),599,0.0664,0.0688
2019,reason_came_to_ottawa,To find housing,542,0.0619,0.0623
2019,reason_came_to_ottawa,Fear for safety,537,0.0664,0.0617
2019,reason_came_to_ottawa,To attend school,502,0.0604,0.0577
2019,reason_came_to_ottawa,To access emergency shelters,418,0.0522,0.048
2019,reason_came_to_ottawa,Employment (secured),244,0.0284,0.028
2019,reason_came_to_ottawa,Recreation/shopping,35,0.0045,0.004
2019,reasons_not_in_shelter,Fear for safety,3158,0.3642,0.3628
2019,reasons_not_in_shelter,Had other temporary housing,2206,0.2448,0.2534
2019,reasons_not_in_shelter,Crowded,1082,0.1224,0.1243
2019,reasons_not_in_shelter,Bed bugs & other pests,897,0.1134,0.1031
2019,reasons_not_in_shelter,Personal choice not to stay,729,0.0836,0.0838
2019,reasons_not_in_shelter,Turned away (shelters are full),372,0.041,0.0427
2019,reasons_not_in_shelter,Turned away (banned),260,0.0306,0.0299
2019,sexual_orientation,Heterosexual,7653,0.8807,0.8793
2019,sexual_orientation,"Gay, lesbian and other",928,0.1062,0.1066
2019,sexual_orientation,Don't know,123,0.0132,0.0141
2019,shelter_past_year,Yes,7041,0.807,0.8089
2019,shelter_past_year,No,1663,0.193,0.1911
2019,support_needs,Mental health,2203,0.247,0.2531
2019,support_needs,None of the above,2044,0.241,0.2348
2019,support_needs,Addiction or substance use,1569,0.1784,0.1803
2019,support_needs,Medical condition,1191,0.1366,0.1368
2019,support_needs,Physical disability,637,0.0724,0.0732
2019,support_needs,Learning disability,483,0.0567,0.0555
2019,support_needs,Brain injury,362,0.0425,0.0416
2019,support_needs,Pregnancy,215,0.0254,0.0247
2019,time_in_canada,Over 5 years,4582,0.5254,0.5264
2019,time_in_canada,Under 1 year,2590,0.3008,0.2976
2019,time_in_canada,1 to 5 years,1532,0.1738,0.176
2019,time_in_ottawa,Over 5 years,2690,0.3091,0.3091
2019,time_in_ottawa,Under 1 year,2642,0.2999,0.3035
2019,time_in_ottawa,Always been in Ottawa,1849,0.2105,0.2124
2019,time_in_ottawa,1 to 5 years,1523,0.1806,0.175
2019,want_permanent_housing,Yes,8376,0.9634,0.9623
2019,want_permanent_housing,No,328,0.0366,0.0377
2020,acquired_brain_injury,No,5374,0.7485,0.7489
2020,acquired_brain_injury,Yes,1802,0.2515,0.2511
2020,age_first_homeless,25 to 49 years old,3231,0.4385,0.4503
2020,age_first_homeless,13 to 17 years old,1880,0.2646,0.262
2020,age_first_homeless,18 to 24 years old,1159,0.1643,0.1615
2020,age_first_homeless,50 to 64 years old,564,0.0852,0.0786
2020,age_first_homeless,Under 12 years old,231,0.0329,0.0322
2020,age_first_homeless,Over 65 years old,111,0.0145,0.0155
2020,age_group,25 to 49 years old,4237,0.5949,0.5904
2020,age_group,50 to 64 years old,1726,0.2371,0.2405
2020,age_group,18 to 24 years old,679,0.0957,0.0946
2020,age_group,Over 65 years old,320,0.041,0.0446
2020,age_group,13 to 17 years old,214,0.0312,0.0298
2020,cause_housing_loss,Not enough income for housing,839,0.1244,0.1169
2020,cause_housing_loss,Conflict with spouse/partner,644,0.0849,0.0897
2020,cause_housing_loss,Substance use issue,499,0.0692,0.0695
2020,cause_housing_loss,Incarceration (prison or jail),498,0.0684,0.0694
2020,cause_housing_loss,Landlord/tenant conflict,403,0.0582,0.0562
2020,cause_housing_loss,Substance use,389,0.0536,0.0542
2020,cause_housing_loss,Conflict with parent/guardian,380,0.053,0.053
2020,cause_housing_loss,Experienced abuse by spouse/partner,337,0.0468,0.047
2020,cause_housing_loss,Other,335,0.0521,0.0467
2020,cause_housing_loss,Unfit/unsafe housing conditions,291,0.0408,0.0406
2020,cause_housing_loss,Relocation,258,0.0354,0.036
2020,cause_housing_loss,Mental health issue,249,0.0363,0.0347
2020,cause_housing_loss,Hospitalization or treatment program,221,0.0243,0.0308
2020,cause_housing_loss,Unsafe housing,195,0.0276,0.0272
2020,cause_housing_loss,Unable to pay rent or mortgage,192,0.026,0.0268
2020,cause_housing_loss,Health issue,176,0.0248,0.0245
2020,cause_housing_loss,Left country/fleeing war,139,0.0188,0.0194
2020,cause_housing_loss,Job loss,136,0.0198,0.019
2020,cause_housing_loss,Conflict with roomate,131,0.0179,0.0183
2020,cause_housing_loss,Experienced abuse by parent/guardian,128,0.0173,0.0178
2020,cause_housing_loss,"Complaint (eg. pets, noise, damage)",115,0.0169,0.016
2020,cause_housing_loss,Physical health issue,113,0.0139,0.0157
2020,cause_housing_loss,Building sold/renovated,109,0.0124,0.0152
2020,cause_housing_loss,Departure of family member,63,0.0124,0.0088
2020,cause_housing_loss,Evicted,62,0.0076,0.0086
2020,cause_housing_loss,Experienced discrimination,58,0.007,0.0081
2020,cause_housing_loss,Experienced abuse by other (unspecified),57,0.009,0.0079
2020,cause_housing_loss,Conflict with other (unspecified),54,0.0085,0.0075
2020,cause_housing_loss,Conflict with family member,52,0.005,0.0072
2020,cause_housing_loss,Death of family member,28,0.004,0.0039
2020,cause_housing_loss,House fire,11,0.0015,0.0015
2020,cause_housing_loss,Home takeover,10,0.0015,0.0014
2020,cause_housing_loss,Owner moved in,4,0.001,0.0006
2020,citizenship,Canadian citizen,6293,0.8769,0.877
2020,citizenship,Permanent resident,645,0.0881,0.0899
2020,citizenship,Refugee claimant,196,0.0299,0.0273
2020,citizenship,Other,23,0.003,0.0032
2020,citizenship,Temporary foreign worker,19,0.0022,0.0026
2020,covid_housing_loss,No,6107,0.8507,0.851
2020,covid_housing_loss,Yes,1069,0.1493,0.149
2020,dependents_tonight,Accompanied by dependent(s),7176,1.0,1.0
2020,duration_homeless_past_year,More than 180 days,4471,0.6224,0.623
2020,duration_homeless_past_year,Less than 180 days,2705,0.3776,0.377
2020,education,Less than high school,2812,0.3851,0.3919
2020,education,High school graduate,1858,0.2612,0.2589
2020,education,Post-secondary or higher,1548,0.2201,0.2157
2020,education,Some post-secondary,958,0.1336,0.1335
2020,episodes_homeless_past_year,Less than 3 episodes of homelessness,5863,0.8157,0.817
2020,episodes_homeless_past_year,3 or more episodes of homelessness,1313,0.1843,0.183
2020,family_members_tonight,Accompanied by family member(s) or other(s),7176,1.0,1.0
2020,foster_care,No,5289,0.7381,0.737
2020,foster_care,Yes,1887,0.2619,0.263
2020,foster_care_how_long_ago,5 or more years,5452,0.7621,0.7598
2020,foster_care_how_long_ago,2 to 5 years,1063,0.1479,0.1481
2020,foster_care_how_long_ago,1 year or less,661,0.09,0.0921
2020,foster_care_to_homeless,More than 1 year,3854,0.541,0.5371
2020,foster_care_to_homeless,1 year or less,3322,0.459,0.4629
2020,gender,Men,5424,0.7602,0.7559
2020,gender,Women,1458,0.1996,0.2032
2020,gender,Non-binary and other identities,294,0.0403,0.041
2020,health_challenges,Mental health issue,2061,0.2895,0.2872
2020,health_challenges,Medical condition,1414,0.1961,0.197
2020,health_challenges,Substance use issue,1261,0.1682,0.1757
2020,health_challenges,Addiction,780,0.1105,0.1087
2020,health_challenges,Learning/cognitive limitation,700,0.0975,0.0975
2020,health_challenges,Physical limitation,596,0.0851,0.0831
2020,health_challenges,Physical disability,364,0.0531,0.0507
2020,housing_challenges,Rents too high,1544,0.2179,0.2152
2020,housing_challenges,Low income,1461,0.209,0.2036
2020,housing_challenges,Addiction,623,0.0851,0.0868
2020,housing_challenges,No income assistance,563,0.0761,0.0785
2020,housing_challenges,Discrimination,514,0.0657,0.0716
2020,housing_challenges,Mental health,501,0.0679,0.0698
2020,housing_challenges,Poor housing conditions,443,0.0642,0.0617
2020,housing_challenges,Health/disability,339,0.0455,0.0472
2020,housing_challenges,Criminal history,321,0.0455,0.0447
2020,housing_challenges,Family conflict,214,0.0306,0.0298
2020,housing_challenges,Domestic violence,193,0.0261,0.0269
2020,housing_challenges,Lack of support,113,0.0172,0.0157
2020,housing_challenges,Pets,106,0.0142,0.0148
2020,housing_challenges,Children,88,0.0127,0.0123
2020,housing_challenges,Credit checks,47,0.0075,0.0065
2020,housing_challenges,Lack of housing stock,38,0.0037,0.0053
2020,housing_challenges,Wait list for subsidized housing,35,0.0052,0.0049
2020,housing_challenges,Don't want housing,33,0.006,0.0046
2020,housing_loss_how_long_ago,More than 180 days ago,4532,0.6336,0.6315
2020,housing_loss_how_long_ago,Less than 180 days ago,2644,0.3664,0.3685
2020,immigration_status,No,5494,0.7652,0.7656
2020,immigration_status,"Yes, immigrant",963,0.1334,0.1342
2020,immigration_status,"Yes, refugee or refugee claimant",719,0.1014,0.1002
2020,income_sources,Ontario Works,2695,0.3862,0.3756
2020,income_sources,Disability benefit,1967,0.2702,0.2741
2020,income_sources,Seniors' benefits,290,0.0391,0.0404
2020,income_sources,GST/HST refund,289,0.0353,0.0403
2020,income_sources,No income,264,0.0333,0.0368
2020,income_sources,Child and family tax benefits,258,0.0357,0.036
2020,income_sources,Informal income (eg. bottle returns),232,0.0305,0.0323
2020,income_sources,Other,220,0.0349,0.0307
2020,income_sources,Employment,216,0.0298,0.0301
2020,income_sources,Employment insurance,211,0.0272,0.0294
2020,income_sources,Full-time employment,164,0.0204,0.0229
2020,income_sources,Part-time employment,134,0.0209,0.0187
2020,income_sources,Money from family/friends,130,0.019,0.0181
2020,income_sources,Casual employment,93,0.0144,0.013
2020,income_sources,Student loans,13,0.0031,0.0018
2020,language,English,5190,0.71,0.7232
2020,language,French,968,0.1407,0.1349
2020,language,Neither English or French,594,0.0871,0.0828
2020,language,No preference,424,0.0621,0.0591
2020,location_tonight,Emergency shelter,4035,0.5627,0.5623
2020,location_tonight,Transitional housing,1013,0.1369,0.1412
2020,location_tonight,Someone else's place,518,0.0721,0.0722
2020,location_tonight,Unsheltered,489,0.0705,0.0681
2020,location_tonight,Institution,389,0.0515,0.0542
2020,location_tonight,Motel / Hotel,217,0.0298,0.0302
2020,location_tonight,Unsure,193,0.0277,0.0269
2020,location_tonight,Someone else's Place,157,0.0248,0.0219
2020,location_tonight,Encampment,81,0.0119,0.0113
2020,location_tonight,Motel/hotel (self-funded),50,0.0065,0.007
2020,location_tonight,Other,12,0.0026,0.0017
2020,location_tonight,"Makeshift Shelter, Tent or Shack",11,0.001,0.0015
2020,location_tonight,Vehicle,11,0.002,0.0015
2020,military_service,Did not serve in Canadian military and/or RCMP,6817,0.9496,0.95
2020,military_service,Served in Canadian military and/or RCMP,359,0.0504,0.05
2020,num_health_conditions,2 health conditions,1785,0.2509,0.2487
2020,num_health_conditions,1 health condition,1774,0.2536,0.2472
2020,num_health_conditions,3 health conditions,1309,0.1835,0.1824
2020,num_health_conditions,4 health conditions,993,0.1314,0.1384
2020,num_health_conditions,0 health conditions,810,0.1114,0.1129
2020,num_health_conditions,5 health conditions,505,0.0692,0.0704
2020,racial_identity,Racialized,4083,0.5704,0.569
2020,racial_identity,Non-racialized,3093,0.4296,0.431
2020,reason_came_to_ottawa,To access services and supports,1543,0.2104,0.215
2020,reason_came_to_ottawa,Family moved here,1273,0.1881,0.1774
2020,reason_came_to_ottawa,Other,1097,0.1567,0.1529
2020,reason_came_to_ottawa,To visit friends/family,772,0.1045,0.1076
2020,reason_came_to_ottawa,Employment (seeking),488,0.0664,0.068
2020,reason_came_to_ottawa,Fear for safety,482,0.0664,0.0672
2020,reason_came_to_ottawa,To find housing,455,0.0619,0.0634
2020,reason_came_to_ottawa,To attend school,430,0.0604,0.0599
2020,reason_came_to_ottawa,To access emergency shelters,394,0.0522,0.0549
2020,reason_came_to_ottawa,Employment (secured),208,0.0284,0.029
2020,reason_came_to_ottawa,Recreation/shopping,34,0.0045,0.0047
2020,reasons_not_in_shelter,Fear for safety,2607,0.3642,0.3633
2020,reasons_not_in_shelter,Had other temporary housing,1776,0.2448,0.2475
2020,reasons_not_in_shelter,Crowded,905,0.1224,0.1261
2020,reasons_not_in_shelter,Bed bugs & other pests,803,0.1134,0.1119
2020,reasons_not_in_shelter,Personal choice not to stay,587,0.0836,0.0818
2020,reasons_not_in_shelter,Turned away (shelters are full),279,0.041,0.0389
2020,reasons_not_in_shelter,Turned away (banned),219,0.0306,0.0305
2020,sexual_orientation,Heterosexual,6182,0.8635,0.8615
2020,sexual_orientation,"Gay, lesbian and other",806,0.1102,0.1123
2020,sexual_orientation,Don't know,188,0.0264,0.0262
2020,shelter_past_year,Yes,5640,0.7803,0.786
2020,shelter_past_year,No,1536,0.2197,0.214
2020,support_needs,Mental health,1808,0.247,0.252
2020,support_needs,None of the above,1755,0.241,0.2446
2020,support_needs,Addiction or substance use,1221,0.1784,0.1702
2020,support_needs,Medical condition,968,0.1366,0.1349
2020,support_needs,Physical disability,486,0.0724,0.0677
2020,support_needs,Learning disability,428,0.0567,0.0596
2020,support_needs,Brain injury,319,0.0425,0.0445
2020,support_needs,Pregnancy,191,0.0254,0.0266
2020,time_in_canada,Over 5 years,4126,0.5757,0.575
2020,time_in_canada,1 to 5 years,1631,0.2283,0.2273
2020,time_in_canada,Under 1 year,1419,0.1959,0.1977
2020,time_in_ottawa,Over 5 years,2247,0.3217,0.3131
2020,time_in_ottawa,Under 1 year,1985,0.2712,0.2766
2020,time_in_ottawa,Always been in Ottawa,1567,0.2217,0.2184
2020,time_in_ottawa,1 to 5 years,1377,0.1854,0.1919
2020,want_permanent_housing,Yes,6910,0.9634,0.9629
2020,want_permanent_housing,No,266,0.0366,0.0371
2021,acquired_brain_injury,No,5253,0.7485,0.7541
2021,acquired_brain_injury,Yes,1713,0.2515,0.2459
2021,age_first_homeless,25 to 49 years old,3156,0.4463,0.4531
2021,age_first_homeless,13 to 17 years old,1682,0.244,0.2415
2021,age_first_homeless,18 to 24 years old,1326,0.191,0.1904
2021,age_first_homeless,50 to 64 years old,525,0.0754,0.0754
2021,age_first_homeless,Under 12 years old,171,0.0276,0.0245
2021,age_first_homeless,Over 65 years old,106,0.0157,0.0152
2021,age_group,25 to 49 years old,4168,0.5963,0.5983
2021,age_group,50 to 64 years old,1631,0.2336,0.2341
2021,age_group,18 to 24 years old,681,0.1,0.0978
2021,age_group,Over 65 years old,295,0.0433,0.0423
2021,age_group,13 to 17 years old,191,0.0269,0.0274
2021,cause_housing_loss,Not enough income for housing,1234,0.1866,0.1771
2021,cause_housing_loss,Substance use issue,764,0.1037,0.1097
2021,cause_housing_loss,Landlord/tenant conflict,634,0.0873,0.091
2021,cause_housing_loss,Conflict with spouse/partner,623,0.0888,0.0894
2021,cause_housing_loss,Conflict with parent/guardian,405,0.0545,0.0581
2021,cause_housing_loss,Unfit/unsafe housing conditions,405,0.0612,0.0581
2021,cause_housing_loss,Incarceration (prison or jail),395,0.0597,0.0567
2021,cause_housing_loss,Experienced abuse by spouse/partner,379,0.053,0.0544
2021,cause_housing_loss,Mental health issue,377,0.0545,0.0541
2021,cause_housing_loss,Relocation,329,0.047,0.0472
2021,cause_housing_loss,Conflict with roomate,189,0.0269,0.0271
2021,cause_housing_loss,Hospitalization or treatment program,170,0.0239,0.0244
2021,cause_housing_loss,Physical health issue,167,0.0209,0.024
2021,cause_housing_loss,"Complaint (eg. pets, noise, damage)",160,0.0254,0.023
2021,cause_housing_loss,Building sold/renovated,133,0.0187,0.0191
2021,cause_housing_loss,Departure of family member,132,0.0187,0.0189
2021,cause_housing_loss,Experienced abuse by parent/guardian,97,0.0134,0.0139
2021,cause_housing_loss,Experienced abuse by other (unspecified),89,0.0134,0.0128
2021,cause_housing_loss,Conflict with other (unspecified),89,0.0127,0.0128
2021,cause_housing_loss,Experienced discrimination,61,0.0104,0.0088
2021,cause_housing_loss,Death of family member,48,0.006,0.0069
2021,cause_housing_loss,Conflict with family member,43,0.0075,0.0062
2021,cause_housing_loss,Home takeover,18,0.0022,0.0026
2021,cause_housing_loss,House fire,13,0.0022,0.0019
2021,cause_housing_loss,Owner moved in,12,0.0015,0.0017
2021,citizenship,Canadian citizen,6115,0.8769,0.8778
2021,citizenship,Permanent resident,630,0.0881,0.0904
2021,citizenship,Refugee claimant,191,0.0299,0.0274
2021,citizenship,Temporary foreign worker,15,0.0022,0.0022
2021,citizenship,Other,15,0.003,0.0022
2021,covid_housing_loss,No,5950,0.8507,0.8541
2021,covid_housing_loss,Yes,1016,0.1493,0.1459
2021,dependents_tonight,Accompanied by dependent(s),6966,1.0,1.0
2021,duration_homeless_past_year,More than 180 days,4347,0.6328,0.624
2021,duration_homeless_past_year,Less than 180 days,2619,0.3672,0.376
2021,education,Less than high school,2668,0.3851,0.383
2021,education,High school graduate,1820,0.2612,0.2613
2021,education,Post-secondary or higher,1518,0.2201,0.2179
2021,education,Some post-secondary,960,0.1336,0.1378
2021,episodes_homeless_past_year,Unknown,6966,0.0,1.0
2021,family_members_tonight,Accompanied by family member(s) or other(s),6966,1.0,1.0
2021,foster_care,No,5176,0.7425,0.743
2021,foster_care,Yes,1790,0.2575,0.257
2021,foster_care_how_long_ago,Unknown,6966,0.0,1.0
2021,foster_care_to_homeless,More than 1 year,3762,0.541,0.5401
2021,foster_care_to_homeless,1 year or less,3204,0.459,0.4599
2021,gender,Men,4912,0.7044,0.7051
2021,gender,Women,2002,0.2907,0.2874
2021,gender,Non-binary and other identities,52,0.0049,0.0075
2021,health_challenges,Mental health issue,1969,0.2925,0.2827
2021,health_challenges,Substance use issue,1771,0.2522,0.2542
2021,health_challenges,Medical condition,1277,0.1813,0.1833
2021,health_challenges,Learning/cognitive limitation,1033,0.1463,0.1483
2021,health_challenges,Physical limitation,916,0.1276,0.1315
2021,housing_challenges,Rents too high,1561,0.2179,0.2241
2021,housing_challenges,Low income,1408,0.209,0.2021
2021,housing_challenges,Addiction,582,0.0851,0.0835
2021,housing_challenges,No income assistance,533,0.0761,0.0765
2021,housing_challenges,Poor housing conditions,477,0.0642,0.0685
2021,housing_challenges,Mental health,475,0.0679,0.0682
2021,housing_challenges,Discrimination,458,0.0657,0.0657
2021,housing_challenges,Criminal history,325,0.0455,0.0467
2021,housing_challenges,Health/disability,306,0.0455,0.0439
2021,housing_challenges,Family conflict,198,0.0306,0.0284
2021,housing_challenges,Domestic violence,166,0.0261,0.0238
2021,housing_challenges,Pets,115,0.0142,0.0165
2021,housing_challenges,Lack of support,110,0.0172,0.0158
2021,housing_challenges,Children,105,0.0127,0.0151
2021,housing_challenges,Credit checks,55,0.0075,0.0079
2021,housing_challenges,Don't want housing,36,0.006,0.0052
2021,housing_challenges,Wait list for subsidized housing,30,0.0052,0.0043
2021,housing_challenges,Lack of housing stock,26,0.0037,0.0037
2021,housing_loss_how_long_ago,More than 180 days ago,4411,0.6336,0.6332
2021,housing_loss_how_long_ago,Less than 180 days ago,2555,0.3664,0.3668
2021,immigration_status,No,5388,0.7806,0.7735
2021,immigration_status,"Yes, immigrant",922,0.1284,0.1324
2021,immigration_status,"Yes, refugee or refugee claimant",656,0.091,0.0942
2021,income_sources,Ontario Works,2409,0.3403,0.3458
2021,income_sources,Disability benefit,1924,0.2813,0.2762
2021,income_sources,No income,344,0.05,0.0494
2021,income_sources,GST/HST refund,306,0.0448,0.0439
2021,income_sources,Child and family tax benefits,283,0.0418,0.0406
2021,income_sources,Employment insurance,264,0.0351,0.0379
2021,income_sources,Seniors' benefits,260,0.0366,0.0373
2021,income_sources,Informal income (eg. bottle returns),234,0.0358,0.0336
2021,income_sources,Part-time employment,215,0.0313,0.0309
2021,income_sources,Other,202,0.0291,0.029
2021,income_sources,Full-time employment,197,0.0306,0.0283
2021,income_sources,Money from family/friends,175,0.0216,0.0251
2021,income_sources,Casual employment,153,0.0216,0.022
2021,language,Unknown,6966,0.0,1.0
2021,location_tonight,Emergency shelter,3829,0.5537,0.5497
2021,location_tonight,Transitional housing,872,0.1254,0.1252
2021,location_tonight,Someone else's place,771,0.1082,0.1107
2021,location_tonight,Unsheltered,646,0.094,0.0927
2021,location_tonight,Institution,375,0.053,0.0538
2021,location_tonight,Unsure,247,0.0358,0.0355
2021,location_tonight,Encampment,143,0.0179,0.0205
2021,location_tonight,Motel/hotel (self-funded),65,0.0097,0.0093
2021,location_tonight,Vehicle,18,0.0022,0.0026
2021,military_service,Did not serve in Canadian military and/or RCMP,6642,0.9537,0.9535
2021,military_service,Served in Canadian military and/or RCMP,324,0.0463,0.0465
2021,num_health_conditions,1 health condition,1557,0.2246,0.2235
2021,num_health_conditions,2 health conditions,1473,0.2075,0.2115
2021,num_health_conditions,0 health conditions,1148,0.1672,0.1648
2021,num_health_conditions,3 health conditions,1127,0.1634,0.1618
2021,num_health_conditions,4 health conditions,910,0.1336,0.1306
2021,num_health_conditions,5 health conditions,751,0.1037,0.1078
2021,racial_identity,Racialized,4212,0.6127,0.6047
2021,racial_identity,Non-racialized,2754,0.3873,0.3953
2021,reason_came_to_ottawa,To access services and supports,1483,0.2104,0.2129
2021,reason_came_to_ottawa,Family moved here,1326,0.1881,0.1904
2021,reason_came_to_ottawa,Other,1094,0.1567,0.157
2021,reason_came_to_ottawa,To visit friends/family,694,0.1045,0.0996
2021,reason_came_to_ottawa,Fear for safety,468,0.0664,0.0672
2021,reason_came_to_ottawa,To find housing,451,0.0619,0.0647
2021,reason_came_to_ottawa,Employment (seeking),448,0.0664,0.0643
2021,reason_came_to_ottawa,To attend school,379,0.0604,0.0544
2021,reason_came_to_ottawa,To access emergency shelters,354,0.0522,0.0508
2021,reason_came_to_ottawa,Employment (secured),239,0.0284,0.0343
2021,reason_came_to_ottawa,Recreation/shopping,30,0.0045,0.0043
2021,reasons_not_in_shelter,Fear for safety,2529,0.3642,0.363
2021,reasons_not_in_shelter,Had other temporary housing,1730,0.2448,0.2483
2021,reasons_not_in_shelter,Crowded,831,0.1224,0.1193
2021,reasons_not_in_shelter,Bed bugs & other pests,810,0.1134,0.1163
2021,reasons_not_in_shelter,Personal choice not to stay,580,0.0836,0.0833
2021,reasons_not_in_shelter,Turned away (shelters are full),268,0.041,0.0385
2021,reasons_not_in_shelter,Turned away (banned),218,0.0306,0.0313
2021,sexual_orientation,Heterosexual,5877,0.8463,0.8437
2021,sexual_orientation,"Gay, lesbian and other",811,0.1142,0.1164
2021,sexual_orientation,Don't know,278,0.0396,0.0399
2021,shelter_past_year,Yes,5285,0.7537,0.7587
2021,shelter_past_year,No,1681,0.2463,0.2413
2021,support_needs,Mental health,1732,0.247,0.2486
2021,support_needs,None of the above,1672,0.241,0.24
2021,support_needs,Addiction or substance use,1270,0.1784,0.1823
2021,support_needs,Medical condition,953,0.1366,0.1368
2021,support_needs,Physical disability,493,0.0724,0.0708
2021,support_needs,Learning disability,385,0.0567,0.0553
2021,support_needs,Brain injury,296,0.0425,0.0425
2021,support_needs,Pregnancy,165,0.0254,0.0237
2021,time_in_canada,Over 5 years,4357,0.6261,0.6255
2021,time_in_canada,1 to 5 years,2011,0.2828,0.2887
2021,time_in_canada,Under 1 year,598,0.091,0.0858
2021,time_in_ottawa,Over 5 years,2296,0.3343,0.3296
2021,time_in_ottawa,Under 1 year,1756,0.2425,0.2521
2021,time_in_ottawa,Always been in Ottawa,1568,0.2328,0.2251
2021,time_in_ottawa,1 to 5 years,1346,0.1903,0.1932
2021,want_permanent_housing,Yes,6692,0.9634,0.9607
2021,want_permanent_housing,No,274,0.0366,0.0393
2022,acquired_brain_injury,No,6020,0.7861,0.7938
2022,acquired_brain_injury,Yes,1564,0.2139,0.2062
2022,age_first_homeless,25 to 49 years old,3509,0.4606,0.4627
2022,age_first_homeless,13 to 17 years old,1545,0.2094,0.2037
2022,age_first_homeless,18 to 24 years old,1473,0.1918,0.1942
2022,age_first_homeless,50 to 64 years old,692,0.0921,0.0912
2022,age_first_homeless,Under 12 years old,227,0.0273,0.0299
2022,age_first_homeless,Over 65 years old,138,0.0187,0.0182
2022,age_group,25 to 49 years old,4665,0.601,0.6151
2022,age_group,50 to 64 years old,1645,0.2226,0.2169
2022,age_group,18 to 24 years old,770,0.1087,0.1015
2022,age_group,Over 65 years old,356,0.0456,0.0469
2022,age_group,13 to 17 years old,148,0.0221,0.0195
2022,cause_housing_loss,Not enough income for housing,1384,0.1821,0.1825
2022,cause_housing_loss,Substance use issue,734,0.0928,0.0968
2022,cause_housing_loss,Conflict with spouse/partner,598,0.0767,0.0789
2022,cause_housing_loss,Landlord/tenant conflict,526,0.0712,0.0694
2022,cause_housing_loss,Unfit/unsafe housing conditions,502,0.0658,0.0662
2022,cause_housing_loss,Mental health issue,456,0.0615,0.0601
2022,cause_housing_loss,Relocation,442,0.06,0.0583
2022,cause_housing_loss,Incarceration (prison or jail),402,0.0528,0.053
2022,cause_housing_loss,Conflict with parent/guardian,353,0.0466,0.0465
2022,cause_housing_loss,Experienced abuse by spouse/partner,341,0.0497,0.045
2022,cause_housing_loss,Experienced discrimination,247,0.0359,0.0326
2022,cause_housing_loss,Physical health issue,214,0.0261,0.0282
2022,cause_housing_loss,Conflict with other (unspecified),201,0.0257,0.0265
2022,cause_housing_loss,"Complaint (eg. pets, noise, damage)",159,0.0231,0.021
2022,cause_housing_loss,Conflict with roomate,157,0.0179,0.0207
2022,cause_housing_loss,Departure of family member,152,0.0194,0.02
2022,cause_housing_loss,Experienced abuse by parent/guardian,150,0.0176,0.0198
2022,cause_housing_loss,Hospitalization or treatment program,144,0.0211,0.019
2022,cause_housing_loss,Experienced abuse by other (unspecified),128,0.0167,0.0169
2022,cause_housing_loss,Building sold/renovated,125,0.0162,0.0165
2022,cause_housing_loss,Death of family member,84,0.0109,0.0111
2022,cause_housing_loss,Conflict with family member,36,0.005,0.0047
2022,cause_housing_loss,Owner moved in,25,0.0025,0.0033
2022,cause_housing_loss,House fire,15,0.0015,0.002
2022,cause_housing_loss,Home takeover,9,0.0015,0.0012
2022,citizenship,Canadian citizen,5670,0.7523,0.7476
2022,citizenship,Other,756,0.0931,0.0997
2022,citizenship,Permanent resident,626,0.0823,0.0825
2022,citizenship,Refugee claimant,516,0.0699,0.068
2022,citizenship,Temporary foreign worker,16,0.0024,0.0021
2022,covid_housing_loss,No,6417,0.8507,0.8461
2022,covid_housing_loss,Yes,1167,0.1493,0.1539
2022,dependents_tonight,Accompanied by dependent(s),7584,1.0,1.0
2022,duration_homeless_past_year,More than 180 days,4747,0.6239,0.6259
2022,duration_homeless_past_year,Less than 180 days,2837,0.3761,0.3741
2022,education,Less than high school,2693,0.3559,0.3551
2022,education,High school graduate,2148,0.2856,0.2832
2022,education,Post-secondary or higher,1757,0.2337,0.2317
2022,education,Some post-secondary,986,0.1248,0.13
2022,episodes_homeless_past_year,Unknown,7584,0.0,1.0
2022,family_members_tonight,Accompanied by family member(s) or other(s),7584,1.0,1.0
2022,foster_care,No,5765,0.7598,0.7602
2022,foster_care,Yes,1819,0.2402,0.2398
2022,foster_care_how_long_ago,Unknown,7584,0.0,1.0
2022,foster_care_to_homeless,More than 1 year,4184,0.5508,0.5517
2022,foster_care_to_homeless,1 year or less,3400,0.4492,0.4483
2022,gender,Men,5486,0.7302,0.7234
2022,gender,Women,2040,0.2644,0.269
2022,gender,Non-binary and other identities,58,0.0054,0.0076
2022,health_challenges,Mental health issue,2190,0.2885,0.2888
2022,health_challenges,Substance use issue,1910,0.2558,0.2518
2022,health_challenges,Medical condition,1415,0.1797,0.1866
2022,health_challenges,Physical limitation,1069,0.1377,0.141
2022,health_challenges,Learning/cognitive limitation,1000,0.1382,0.1319
2022,housing_challenges,Low income,1683,0.2156,0.2219
2022,housing_challenges,Rents too high,1662,0.2176,0.2191
2022,housing_challenges,No income assistance,594,0.0812,0.0783
2022,housing_challenges,Addiction,586,0.0786,0.0773
2022,housing_challenges,Mental health,476,0.066,0.0628
2022,housing_challenges,Poor housing conditions,474,0.0645,0.0625
2022,housing_challenges,Discrimination,416,0.0546,0.0549
2022,housing_challenges,Criminal history,334,0.0413,0.044
2022,housing_challenges,Health/disability,301,0.0423,0.0397
2022,housing_challenges,Lack of support,278,0.0361,0.0367
2022,housing_challenges,Family conflict,235,0.035,0.031
2022,housing_challenges,Domestic violence,217,0.0251,0.0286
2022,housing_challenges,Pets,109,0.0123,0.0144
2022,housing_challenges,Children,97,0.0128,0.0128
2022,housing_challenges,Don't want housing,43,0.0062,0.0057
2022,housing_challenges,Wait list for subsidized housing,28,0.0035,0.0037
2022,housing_challenges,Credit checks,28,0.005,0.0037
2022,housing_challenges,Lack of housing stock,23,0.0025,0.003
2022,housing_loss_how_long_ago,More than 180 days ago,4975,0.6485,0.656
2022,housing_loss_how_long_ago,Less than 180 days ago,2609,0.3515,0.344
2022,immigration_status,No,5370,0.7082,0.7081
2022,immigration_status,"Yes, refugee or refugee claimant",1344,0.1791,0.1772
2022,immigration_status,"Yes, immigrant",870,0.1127,0.1147
2022,income_sources,Ontario Works,2616,0.3466,0.3449
2022,income_sources,Disability benefit,1857,0.241,0.2449
2022,income_sources,No income,499,0.0685,0.0658
2022,income_sources,Informal income (eg. bottle returns),357,0.0497,0.0471
2022,income_sources,Child and family tax benefits,313,0.041,0.0413
2022,income_sources,GST/HST refund,278,0.0392,0.0367
2022,income_sources,Seniors' benefits,271,0.0353,0.0357
2022,income_sources,Other,271,0.0317,0.0357
2022,income_sources,Part-time employment,266,0.0363,0.0351
2022,income_sources,Full-time employment,250,0.0336,0.033
2022,income_sources,Employment insurance,220,0.0294,0.029
2022,income_sources,Casual employment,194,0.0244,0.0256
2022,income_sources,Money from family/friends,192,0.0232,0.0253
2022,language,English,5521,0.7237,0.728
2022,language,French,1289,0.1742,0.17
2022,language,Neither English or French,615,0.0798,0.0811
2022,language,No preference,159,0.0224,0.021
2022,location_tonight,Emergency shelter,3975,0.5216,0.5241
2022,location_tonight,Transitional housing,1286,0.1686,0.1696
2022,location_tonight,Unsheltered,811,0.1058,0.1069
2022,location_tonight,Someone else's place,731,0.0922,0.0964
2022,location_tonight,Institution,309,0.0402,0.0407
2022,location_tonight,Unsure,231,0.0338,0.0305
2022,location_tonight,Encampment,133,0.0205,0.0175
2022,location_tonight,Motel/hotel (self-funded),87,0.0134,0.0115
2022,location_tonight,Vehicle,21,0.0038,0.0028
2022,military_service,Did not serve in Canadian military and/or RCMP,7257,0.9558,0.9569
2022,military_service,Served in Canadian military and/or RCMP,327,0.0442,0.0431
2022,num_health_conditions,0 health conditions,1720,0.2278,0.2268
2022,num_health_conditions,1 health condition,1660,0.2159,0.2189
2022,num_health_conditions,2 health conditions,1371,0.1851,0.1808
2022,num_health_conditions,3 health conditions,1204,0.1553,0.1588
2022,num_health_conditions,4 health conditions,924,0.1235,0.1218
2022,num_health_conditions,5 health conditions,705,0.0924,0.093
2022,racial_identity,Racialized,4721,0.6298,0.6225
2022,racial_identity,Non-racialized,2863,0.3702,0.3775
2022,reason_came_to_ottawa,To access services and supports,1395,0.1797,0.1839
2022,reason_came_to_ottawa,Family moved here,1293,0.1674,0.1705
2022,reason_came_to_ottawa,Other,1238,0.174,0.1632
2022,reason_came_to_ottawa,Fear for safety,779,0.0995,0.1027
2022,reason_came_to_ottawa,To visit friends/family,729,0.092,0.0961
2022,reason_came_to_ottawa,Employment (seeking),561,0.0752,0.074
2022,reason_came_to_ottawa,To access emergency shelters,499,0.07,0.0658
2022,reason_came_to_ottawa,To find housing,461,0.06,0.0608
2022,reason_came_to_ottawa,To attend school,391,0.0519,0.0516
2022,reason_came_to_ottawa,Employment (secured),208,0.0262,0.0274
2022,reason_came_to_ottawa,Recreation/shopping,30,0.004,0.004
2022,reasons_not_in_shelter,Fear for safety,2726,0.3642,0.3594
2022,reasons_not_in_shelter,Had other temporary housing,1898,0.2448,0.2503
2022,reasons_not_in_shelter,Crowded,912,0.1224,0.1203
2022,reasons_not_in_shelter,Bed bugs & other pests,841,0.1134,0.1109
2022,reasons_not_in_shelter,Personal choice not to stay,670,0.0836,0.0883
2022,reasons_not_in_shelter,Turned away (shelters are full),314,0.041,0.0414
2022,reasons_not_in_shelter,Turned away (banned),223,0.0306,0.0294
2022,sexual_orientation,Heterosexual,6430,0.8502,0.8478
2022,sexual_orientation,"Gay, lesbian and other",907,0.1184,0.1196
2022,sexual_orientation,Don't know,247,0.0314,0.0326
2022,shelter_past_year,Yes,5338,0.7085,0.7039
2022,shelter_past_year,No,2246,0.2915,0.2961
2022,support_needs,Mental health,1430,0.1945,0.1886
2022,support_needs,None of the above,1265,0.1639,0.1668
2022,support_needs,Addiction or substance use,1077,0.1411,0.142
2022,support_needs,Medical condition,703,0.091,0.0927
2022,support_needs,Financial Supports,376,0.0496,0.0496
2022,support_needs,Food Security,373,0.0474,0.0492
2022,support_needs,Supportive Housing,371,0.0491,0.0489
2022,support_needs,Physical disability,360,0.0483,0.0475
2022,support_needs,Learning disability,280,0.0378,0.0369
2022,support_needs,Access to Facilities,258,0.031,0.034
2022,support_needs,Brain injury,211,0.0284,0.0278
2022,support_needs,Legal Aid,187,0.0236,0.0247
2022,support_needs,Family Supports,187,0.0256,0.0247
2022,support_needs,Disability Support,183,0.0229,0.0241
2022,support_needs,Cultural Supports,173,0.0239,0.0228
2022,support_needs,Pregnancy,114,0.0169,0.015
2022,support_needs,Newcomer/Refugee Supports,36,0.0051,0.0047
2022,time_in_canada,Over 5 years,3697,0.4802,0.4875
2022,time_in_canada,1 to 5 years,2059,0.2718,0.2715
2022,time_in_canada,Under 1 year,1828,0.248,0.241
2022,time_in_ottawa,Under 1 year,2173,0.284,0.2865
2022,time_in_ottawa,Always been in Ottawa,1991,0.258,0.2625
2022,time_in_ottawa,Over 5 years,1938,0.2583,0.2555
2022,time_in_ottawa,1 to 5 years,1482,0.1997,0.1954
2022,want_permanent_housing,Yes,7300,0.9634,0.9626
2022,want_permanent_housing,No,284,0.0366,0.0374
2023,acquired_brain_injury,No,7108,0.8237,0.8294
2023,acquired_brain_injury,Yes,1462,0.1763,0.1706
2023,age_first_homeless,25 to 49 years old,4150,0.475,0.4842
2023,age_first_homeless,18 to 24 years old,1616,0.1926,0.1886
2023,age_first_homeless,13 to 17 years old,1486,0.1749,0.1734
2023,age_first_homeless,50 to 64 years old,917,0.1089,0.107
2023,age_first_homeless,Under 12 years old,220,0.0269,0.0257
2023,age_first_homeless,Over 65 years old,181,0.0217,0.0211
2023,age_group,25 to 49 years old,5226,0.6057,0.6098
2023,age_group,50 to 64 years old,1789,0.2117,0.2088
2023,age_group,18 to 24 years old,990,0.1173,0.1155
2023,age_group,Over 65 years old,428,0.0478,0.0499
2023,age_group,13 to 17 years old,137,0.0174,0.016
2023,cause_housing_loss,Not enough income for housing,1538,0.1775,0.1795
2023,cause_housing_loss,Substance use issue,722,0.0818,0.0842
2023,cause_housing_loss,Relocation,636,0.073,0.0742
2023,cause_housing_loss,Mental health issue,604,0.0685,0.0705
2023,cause_housing_loss,Unfit/unsafe housing conditions,576,0.0705,0.0672
2023,cause_housing_loss,Conflict with spouse/partner,568,0.0645,0.0663
2023,cause_housing_loss,Experienced discrimination,498,0.0613,0.0581
2023,cause_housing_loss,Landlord/tenant conflict,465,0.0551,0.0543
2023,cause_housing_loss,Experienced abuse by spouse/partner,408,0.0464,0.0476
2023,cause_housing_loss,Incarceration (prison or jail),392,0.0458,0.0457
2023,cause_housing_loss,Conflict with parent/guardian,309,0.0387,0.0361
2023,cause_housing_loss,Conflict with other (unspecified),299,0.0387,0.0349
2023,cause_housing_loss,Physical health issue,262,0.0314,0.0306
2023,cause_housing_loss,"Complaint (eg. pets, noise, damage)",196,0.0208,0.0229
2023,cause_housing_loss,Experienced abuse by parent/guardian,193,0.0217,0.0225
2023,cause_housing_loss,Departure of family member,190,0.0201,0.0222
2023,cause_housing_loss,Experienced abuse by other (unspecified),167,0.0199,0.0195
2023,cause_housing_loss,Hospitalization or treatment program,154,0.0182,0.018
2023,cause_housing_loss,Building sold/renovated,122,0.0137,0.0142
2023,cause_housing_loss,Death of family member,118,0.0159,0.0138
2023,cause_housing_loss,Conflict with roomate,85,0.009,0.0099
2023,cause_housing_loss,Owner moved in,28,0.0036,0.0033
2023,cause_housing_loss,Conflict with family member,21,0.0025,0.0025
2023,cause_housing_loss,House fire,10,0.0007,0.0012
2023,cause_housing_loss,Home takeover,9,0.0007,0.0011
2023,citizenship,Canadian citizen,5366,0.6278,0.6261
2023,citizenship,Other,1595,0.1831,0.1861
2023,citizenship,Refugee claimant,933,0.1099,0.1089
2023,citizenship,Permanent resident,655,0.0766,0.0764
2023,citizenship,Temporary foreign worker,21,0.0025,0.0025
2023,covid_housing_loss,No,7269,0.8507,0.8482
2023,covid_housing_loss,Yes,1301,0.1493,0.1518
2023,dependents_tonight,Accompanied by dependent(s),8570,1.0,1.0
2023,duration_homeless_past_year,More than 180 days,5229,0.6151,0.6102
2023,duration_homeless_past_year,Less than 180 days,3341,0.3849,0.3898
2023,education,Less than high school,2810,0.3267,0.3279
2023,education,High school graduate,2668,0.3101,0.3113
2023,education,Post-secondary or higher,2093,0.2473,0.2442
2023,education,Some post-secondary,999,0.1159,0.1166
2023,episodes_homeless_past_year,Unknown,8570,0.0,1.0
2023,family_members_tonight,Accompanied by family member(s) or other(s),8570,1.0,1.0
2023,foster_care,No,6630,0.777,0.7736
2023,foster_care,Yes,1940,0.223,0.2264
2023,foster_care_how_long_ago,Unknown,8570,0.0,1.0
2023,foster_care_to_homeless,More than 1 year,4801,0.5606,0.5602
2023,foster_care_to_homeless,1 year or less,3769,0.4394,0.4398
2023,gender,Men,6054,0.7099,0.7064
2023,gender,Women,2516,0.2901,0.2936
2023,health_challenges,Mental health issue,2397,0.2845,0.2797
2023,health_challenges,Substance use issue,2175,0.2593,0.2538
2023,health_challenges,Medical condition,1542,0.1781,0.1799
2023,health_challenges,Physical limitation,1275,0.1479,0.1488
2023,health_challenges,Learning/cognitive limitation,1181,0.1302,0.1378
2023,housing_challenges,Low income,1925,0.2223,0.2246
2023,housing_challenges,Rents too high,1886,0.2173,0.2201
2023,housing_challenges,No income assistance,736,0.0863,0.0859
2023,housing_challenges,Addiction,600,0.072,0.07
2023,housing_challenges,Poor housing conditions,551,0.0648,0.0643
2023,housing_challenges,Mental health,545,0.064,0.0636
2023,housing_challenges,Lack of support,469,0.055,0.0547
2023,housing_challenges,Discrimination,370,0.0435,0.0432
2023,housing_challenges,Criminal history,352,0.037,0.0411
2023,housing_challenges,Family conflict,336,0.0395,0.0392
2023,housing_challenges,Health/disability,331,0.0391,0.0386
2023,housing_challenges,Domestic violence,191,0.0241,0.0223
2023,housing_challenges,Children,115,0.013,0.0134
2023,housing_challenges,Pets,73,0.0104,0.0085
2023,housing_challenges,Don't want housing,45,0.0064,0.0053
2023,housing_challenges,Wait list for subsidized housing,21,0.0017,0.0025
2023,housing_challenges,Credit checks,19,0.0025,0.0022
2023,housing_challenges,Lack of housing stock,5,0.0012,0.0006
2023,housing_loss_how_long_ago,More than 180 days ago,5695,0.6633,0.6645
2023,housing_loss_how_long_ago,Less than 180 days ago,2875,0.3367,0.3355
2023,immigration_status,No,5393,0.6358,0.6293
2023,immigration_status,"Yes, refugee or refugee claimant",2325,0.2672,0.2713
2023,immigration_status,"Yes, immigrant",852,0.097,0.0994
2023,income_sources,Ontario Works,3009,0.3529,0.3511
2023,income_sources,Disability benefit,1741,0.2007,0.2032
2023,income_sources,No income,777,0.0871,0.0907
2023,income_sources,Informal income (eg. bottle returns),542,0.0636,0.0632
2023,income_sources,Part-time employment,379,0.0413,0.0442
2023,income_sources,Full-time employment,331,0.0367,0.0386
2023,income_sources,Child and family tax benefits,320,0.0401,0.0373
2023,income_sources,Seniors' benefits,308,0.034,0.0359
2023,income_sources,Other,290,0.0344,0.0338
2023,income_sources,GST/HST refund,267,0.0337,0.0312
2023,income_sources,Casual employment,228,0.0273,0.0266
2023,income_sources,Employment insurance,191,0.0238,0.0223
2023,income_sources,Money from family/friends,187,0.0247,0.0218
2023,language,English,6280,0.7237,0.7328
2023,language,French,1456,0.1742,0.1699
2023,language,Neither English or French,652,0.0798,0.0761
2023,language,No preference,182,0.0224,0.0212
2023,location_tonight,Emergency shelter,4288,0.4895,0.5004
2023,location_tonight,Transitional housing,1769,0.2119,0.2064
2023,location_tonight,Unsheltered,967,0.1177,0.1128
2023,location_tonight,Someone else's place,634,0.0761,0.074
2023,location_tonight,Unsure,269,0.0317,0.0314
2023,location_tonight,Institution,259,0.0274,0.0302
2023,location_tonight,Encampment,199,0.0232,0.0232
2023,location_tonight,Motel/hotel (self-funded),140,0.0171,0.0163
2023,location_tonight,Vehicle,45,0.0054,0.0053
2023,military_service,Did not serve in Canadian military and/or RCMP,8236,0.9579,0.961
2023,military_service,Served in Canadian military and/or RCMP,334,0.0421,0.039
2023,num_health_conditions,0 health conditions,2433,0.2885,0.2839
2023,num_health_conditions,1 health condition,1828,0.2072,0.2133
2023,num_health_conditions,2 health conditions,1379,0.1627,0.1609
2023,num_health_conditions,3 health conditions,1252,0.1472,0.1461
2023,num_health_conditions,4 health conditions,1020,0.1134,0.119
2023,num_health_conditions,5 health conditions,658,0.0811,0.0768
2023,racial_identity,Racialized,5507,0.6469,0.6426
2023,racial_identity,Non-racialized,3063,0.3531,0.3574
2023,reason_came_to_ottawa,Other,1690,0.1912,0.1972
2023,reason_came_to_ottawa,Family moved here,1296,0.1467,0.1512
2023,reason_came_to_ottawa,To access services and supports,1263,0.149,0.1474
2023,reason_came_to_ottawa,Fear for safety,1172,0.1326,0.1368
2023,reason_came_to_ottawa,To access emergency shelters,730,0.0878,0.0852
2023,reason_came_to_ottawa,Employment (seeking),678,0.0841,0.0791
2023,reason_came_to_ottawa,To visit friends/family,642,0.0795,0.0749
2023,reason_came_to_ottawa,To find housing,498,0.0582,0.0581
2023,reason_came_to_ottawa,To attend school,356,0.0433,0.0415
2023,reason_came_to_ottawa,Employment (secured),211,0.0241,0.0246
2023,reason_came_to_ottawa,Recreation/shopping,34,0.0035,0.004
2023,reasons_not_in_shelter,Fear for safety,3162,0.3642,0.369
2023,reasons_not_in_shelter,Had other temporary housing,2061,0.2448,0.2405
2023,reasons_not_in_shelter,Crowded,1018,0.1224,0.1188
2023,reasons_not_in_shelter,Bed bugs & other pests,985,0.1134,0.1149
2023,reasons_not_in_shelter,Personal choice not to stay,676,0.0836,0.0789
2023,reasons_not_in_shelter,Turned away (shelters are full),390,0.041,0.0455
2023,reasons_not_in_shelter,Turned away (banned),278,0.0306,0.0324
2023,sexual_orientation,Heterosexual,7341,0.8542,0.8566
2023,sexual_orientation,"Gay, lesbian and other",1038,0.1226,0.1211
2023,sexual_orientation,Don't know,191,0.0232,0.0223
2023,shelter_past_year,Yes,5677,0.6633,0.6624
2023,shelter_past_year,No,2893,0.3367,0.3376
2023,support_needs,Mental health,1207,0.1419,0.1408
2023,support_needs,Addiction or substance use,871,0.1039,0.1016
2023,support_needs,Financial Supports,857,0.0992,0.1
2023,support_needs,Supportive Housing,856,0.0981,0.0999
2023,support_needs,Food Security,802,0.0948,0.0936
2023,support_needs,None of the above,753,0.0868,0.0879
2023,support_needs,Access to Facilities,549,0.0619,0.0641
2023,support_needs,Legal Aid,423,0.0473,0.0494
2023,support_needs,Family Supports,408,0.0511,0.0476
2023,support_needs,Disability Support,395,0.0457,0.0461
2023,support_needs,Cultural Supports,393,0.0478,0.0459
2023,support_needs,Medical condition,351,0.0455,0.041
2023,support_needs,Physical disability,217,0.0241,0.0253
2023,support_needs,Learning disability,187,0.0189,0.0218
2023,support_needs,Brain injury,137,0.0142,0.016
2023,support_needs,Newcomer/Refugee Supports,89,0.0103,0.0104
2023,support_needs,Pregnancy,75,0.0085,0.0088
2023,time_in_canada,Under 1 year,3489,0.4049,0.4071
2023,time_in_canada,Over 5 years,2835,0.3343,0.3308
2023,time_in_canada,1 to 5 years,2246,0.2608,0.2621
2023,time_in_ottawa,Under 1 year,2806,0.3254,0.3274
2023,time_in_ottawa,Always been in Ottawa,2464,0.2831,0.2875
2023,time_in_ottawa,1 to 5 years,1785,0.2091,0.2083
2023,time_in_ottawa,Over 5 years,1515,0.1823,0.1768
2023,want_permanent_housing,Yes,8231,0.9634,0.9604
2023,want_permanent_housing,No,339,0.0366,0.0396
2024,acquired_brain_injury,No,8093,0.8613,0.8619
2024,acquired_brain_injury,Yes,1297,0.1387,0.1381
2024,age_first_homeless,25 to 49 years old,4614,0.4894,0.4914
2024,age_first_homeless,18 to 24 years old,1869,0.1934,0.199
2024,age_first_homeless,13 to 17 years old,1234,0.1403,0.1314
2024,age_first_homeless,50 to 64 years old,1170,0.1256,0.1246
2024,age_first_homeless,Under 12 years old,285,0.0266,0.0304
2024,age_first_homeless,Over 65 years old,218,0.0247,0.0232
2024,age_group,25 to 49 years old,5809,0.6104,0.6186
2024,age_group,50 to 64 years old,1888,0.2008,0.2011
2024,age_group,18 to 24 years old,1136,0.126,0.121
2024,age_group,Over 65 years old,462,0.0501,0.0492
2024,age_group,13 to 17 years old,95,0.0127,0.0101
2024,cause_housing_loss,Not enough income for housing,1662,0.173,0.177
2024,cause_housing_loss,Experienced discrimination,829,0.0867,0.0883
2024,cause_housing_loss,Relocation,786,0.0859,0.0837
2024,cause_housing_loss,Unfit/unsafe housing conditions,695,0.0751,0.074
2024,cause_housing_loss,Mental health issue,689,0.0755,0.0734
2024,cause_housing_loss,Substance use issue,639,0.0709,0.0681
2024,cause_housing_loss,Conflict with spouse/partner,518,0.0524,0.0552
2024,cause_housing_loss,Conflict with other (unspecified),503,0.0516,0.0536
2024,cause_housing_loss,Experienced abuse by spouse/partner,430,0.0432,0.0458
2024,cause_housing_loss,Landlord/tenant conflict,375,0.0389,0.0399
2024,cause_housing_loss,Incarceration (prison or jail),361,0.0389,0.0384
2024,cause_housing_loss,Physical health issue,320,0.0366,0.0341
2024,cause_housing_loss,Conflict with parent/guardian,306,0.0308,0.0326
2024,cause_housing_loss,Experienced abuse by parent/guardian,229,0.0258,0.0244
2024,cause_housing_loss,Experienced abuse by other (unspecified),211,0.0231,0.0225
2024,cause_housing_loss,Death of family member,190,0.0208,0.0202
2024,cause_housing_loss,Departure of family member,173,0.0208,0.0184
2024,cause_housing_loss,"Complaint (eg. pets, noise, damage)",162,0.0185,0.0173
2024,cause_housing_loss,Hospitalization or treatment program,161,0.0154,0.0171
2024,cause_housing_loss,Building sold/renovated,111,0.0112,0.0118
2024,cause_housing_loss,Owner moved in,40,0.0046,0.0043
2024,citizenship,Canadian citizen,4761,0.5033,0.507
2024,citizenship,Other,2564,0.2732,0.2731
2024,citizenship,Refugee claimant,1383,0.1499,0.1473
2024,citizenship,Permanent resident,646,0.0709,0.0688
2024,citizenship,Temporary foreign worker,36,0.0027,0.0038
2024,covid_housing_loss,Unknown,9390,0.0,1.0
2024,dependents_tonight,Accompanied by dependent(s),9390,1.0,1.0
2024,duration_homeless_past_year,More than 180 days,5635,0.6062,0.6001
2024,duration_homeless_past_year,Less than 180 days,3755,0.3938,0.3999
2024,education,High school graduate,3183,0.3345,0.339
2024,education,Less than high school,2850,0.2975,0.3035
2024,education,Post-secondary or higher,2365,0.2609,0.2519
2024,education,Some post-secondary,992,0.1071,0.1056
2024,episodes_homeless_past_year,Unknown,9390,0.0,1.0
2024,family_members_tonight,Accompanied by family member(s) or other(s),9390,1.0,1.0
2024,foster_care,No,7429,0.7942,0.7912
2024,foster_care,Yes,1961,0.2058,0.2088
2024,foster_care_how_long_ago,Unknown,9390,0.0,1.0
2024,foster_care_to_homeless,More than 1 year,5334,0.5703,0.5681
2024,foster_care_to_homeless,1 year or less,4056,0.4297,0.4319
2024,gender,Men,5851,0.6313,0.6231
2024,gender,Women,3395,0.354,0.3616
2024,gender,Non-binary and other identities,144,0.0147,0.0153
2024,health_challenges,Mental health issue,2647,0.2805,0.2819
2024,health_challenges,Substance use issue,2476,0.2628,0.2637
2024,health_challenges,Medical condition,1617,0.1765,0.1722
2024,health_challenges,Physical limitation,1490,0.158,0.1587
2024,health_challenges,Learning/cognitive limitation,1160,0.1222,0.1235
2024,housing_challenges,Rents too high,2135,0.217,0.2274
2024,housing_challenges,Low income,2071,0.2289,0.2206
2024,housing_challenges,No income assistance,875,0.0913,0.0932
2024,housing_challenges,Lack of support,668,0.074,0.0711
2024,housing_challenges,Addiction,645,0.0655,0.0687
2024,housing_challenges,Poor housing conditions,611,0.0651,0.0651
2024,housing_challenges,Mental health,535,0.062,0.057
2024,housing_challenges,Family conflict,408,0.0439,0.0435
2024,housing_challenges,Health/disability,356,0.0358,0.0379
2024,housing_challenges,Criminal history,300,0.0328,0.0319
2024,housing_challenges,Discrimination,281,0.0324,0.0299
2024,housing_challenges,Domestic violence,222,0.0231,0.0236
2024,housing_challenges,Children,136,0.0131,0.0145
2024,housing_challenges,Pets,94,0.0085,0.01
2024,housing_challenges,Don't want housing,53,0.0066,0.0056
2024,housing_loss_how_long_ago,More than 180 days ago,6342,0.6782,0.6754
2024,housing_loss_how_long_ago,Less than 180 days ago,3048,0.3218,0.3246
2024,immigration_status,No,5286,0.5634,0.5629
2024,immigration_status,"Yes, refugee or refugee claimant",3327,0.3553,0.3543
2024,immigration_status,"Yes, immigrant",777,0.0813,0.0827
2024,income_sources,Ontario Works,3395,0.3592,0.3616
2024,income_sources,Disability benefit,1490,0.1603,0.1587
2024,income_sources,No income,1008,0.1056,0.1073
2024,income_sources,Informal income (eg. bottle returns),734,0.0775,0.0782
2024,income_sources,Part-time employment,419,0.0462,0.0446
2024,income_sources,Full-time employment,392,0.0397,0.0417
2024,income_sources,Child and family tax benefits,388,0.0393,0.0413
2024,income_sources,Other,327,0.037,0.0348
2024,income_sources,Seniors' benefits,290,0.0328,0.0309
2024,income_sources,Casual employment,278,0.0301,0.0296
2024,income_sources,GST/HST refund,254,0.0281,0.0271
2024,income_sources,Money from family/friends,245,0.0262,0.0261
2024,income_sources,Employment insurance,170,0.0181,0.0181
2024,language,English,6814,0.7237,0.7257
2024,language,French,1623,0.1742,0.1728
2024,language,Neither English or French,738,0.0798,0.0786
2024,language,No preference,215,0.0224,0.0229
2024,location_tonight,Emergency shelter,4348,0.4574,0.463
2024,location_tonight,Transitional housing,2428,0.2551,0.2586
2024,location_tonight,Unsheltered,1191,0.1295,0.1268
2024,location_tonight,Someone else's place,533,0.0601,0.0568
2024,location_tonight,Unsure,267,0.0297,0.0284
2024,location_tonight,Encampment,254,0.0258,0.0271
2024,location_tonight,Motel/hotel (self-funded),176,0.0208,0.0187
2024,location_tonight,Institution,129,0.0146,0.0137
2024,location_tonight,Vehicle,64,0.0069,0.0068
2024,military_service,Did not serve in Canadian military and/or RCMP,8988,0.9599,0.9572
2024,military_service,Served in Canadian military and/or RCMP,402,0.0401,0.0428
2024,num_health_conditions,0 health conditions,3299,0.3491,0.3513
2024,num_health_conditions,1 health condition,1819,0.1985,0.1937
2024,num_health_conditions,2 health conditions,1341,0.1403,0.1428
2024,num_health_conditions,3 health conditions,1329,0.1391,0.1415
2024,num_health_conditions,4 health conditions,928,0.1033,0.0988
2024,num_health_conditions,5 health conditions,674,0.0697,0.0718
2024,racial_identity,Racialized,6230,0.664,0.6635
2024,racial_identity,Non-racialized,3160,0.336,0.3365
2024,reason_came_to_ottawa,Other,1957,0.2085,0.2084
2024,reason_came_to_ottawa,Fear for safety,1543,0.1657,0.1643
2024,reason_came_to_ottawa,Family moved here,1194,0.126,0.1272
2024,reason_came_to_ottawa,To access services and supports,1105,0.1183,0.1177
2024,reason_came_to_ottawa,Employment (seeking),944,0.0929,0.1005
2024,reason_came_to_ottawa,To access emergency shelters,933,0.1056,0.0994
2024,reason_came_to_ottawa,To visit friends/family,634,0.0671,0.0675
2024,reason_came_to_ottawa,To find housing,534,0.0563,0.0569
2024,reason_came_to_ottawa,To attend school,327,0.0347,0.0348
2024,reason_came_to_ottawa,Employment (secured),190,0.022,0.0202
2024,reason_came_to_ottawa,Recreation/shopping,29,0.0031,0.0031
2024,reasons_not_in_shelter,Unknown,9390,0.0,1.0
2024,sexual_orientation,Heterosexual,7996,0.8582,0.8515
2024,sexual_orientation,"Gay, lesbian and other",1232,0.1268,0.1312
2024,sexual_orientation,Don't know,162,0.015,0.0173
2024,shelter_past_year,Yes,5793,0.6181,0.6169
2024,shelter_past_year,No,3597,0.3819,0.3831
2024,support_needs,Supportive Housing,1417,0.1472,0.1509
2024,support_needs,Financial Supports,1394,0.1487,0.1485
2024,support_needs,Food Security,1349,0.1422,0.1437
2024,support_needs,Mental health,848,0.0894,0.0903
2024,support_needs,Access to Facilities,831,0.0929,0.0885
2024,support_needs,Family Supports,716,0.0767,0.0763
2024,support_needs,Disability Support,696,0.0686,0.0741
2024,support_needs,Cultural Supports,636,0.0717,0.0677
2024,support_needs,Legal Aid,621,0.0709,0.0661
2024,support_needs,Addiction or substance use,618,0.0667,0.0658
2024,support_needs,Newcomer/Refugee Supports,168,0.0154,0.0179
2024,support_needs,None of the above,96,0.0096,0.0102
2024,time_in_canada,Under 1 year,5224,0.5618,0.5563
2024,time_in_canada,1 to 5 years,2375,0.2497,0.2529
2024,time_in_canada,Over 5 years,1791,0.1884,0.1907
2024,time_in_ottawa,Under 1 year,3473,0.3669,0.3699
2024,time_in_ottawa,Always been in Ottawa,2936,0.3083,0.3127
2024,time_in_ottawa,1 to 5 years,1987,0.2185,0.2116
2024,time_in_ottawa,Over 5 years,994,0.1064,0.1059
2024,want_permanent_housing,Unknown,9390,0.0,1.0
