age,years_homeless,mental_health,substance_use,physical_health,outdoor_sleeping,chronic_homeless,lgbtq,indigenous,immigrant,foster_care_history,incarceration_history,no_income,housing_loss_income,housing_loss_health,youth,chronic_pred,chronic_prob,true_label
30.0,5.208,1.0,1.0,0.0,1.0,1,0.0,0,0.0,1.0,0.0,0,0.0,0.0,0.0,1,0.7201,1
35.0,9.88,1.0,1.0,0.0,1.0,1,0.0,0,0.0,0.0,0.0,0,0.0,0.0,0.0,1,0.6344,1
41.0,5.598,1.0,0.0,1.0,1.0,1,0.0,0,0.0,0.0,1.0,0,0.0,0.0,0.0,1,0.7403,1
30.0,19.452,1.0,1.0,1.0,1.0,1,0.0,0,0.0,1.0,1.0,1,1.0,0.0,0.0,1,0.8926,1
33.0,11.22,0.0,0.0,0.0,0.0,0,0.0,0,0.0,0.0,0.0,0,0.0,0.0,0.0,0,0.1976,0
46.0,3.304,0.0,0.0,0.0,1.0,0,0.0,0,0.0,0.0,1.0,0,1.0,0.0,0.0,1,0.5428,0
47.0,11.034,0.0,0.0,0.0,0.0,0,0.0,0,0.0,0.0,0.0,0,1.0,0.0,0.0,0,0.1863,0
41.0,6.494,0.0,1.0,0.0,1.0,1,0.0,0,0.0,0.0,0.0,0,0.0,0.0,0.0,1,0.5411,1
43.0,7.726,1.0,1.0,0.0,1.0,1,0.0,0,0.0,0.0,0.0,1,1.0,0.0,0.0,1,0.7993,1
20.0,9.406,1.0,0.0,0.0,1.0,1,0.0,0,0.0,1.0,0.0,0,1.0,0.0,1.0,1,0.6743,1
30.0,7.4,0.0,0.0,0.0,0.0,1,0.0,0,0.0,0.0,0.0,0,0.0,0.0,0.0,0,0.2804,1
36.0,6.8,0.0,0.0,0.0,0.0,0,0.0,0,0.0,0.0,0.0,0,0.0,0.0,0.0,0,0.2732,0
34.0,3.478,1.0,1.0,0.0,1.0,1,0.0,0,1.0,0.0,1.0,0,0.0,0.0,0.0,1,0.6692,1
43.0,3.134,0.0,0.0,0.0,0.0,0,0.0,0,0.0,0.0,0.0,0,0.0,0.0,0.0,0,0.2097,0
19.0,7.328,1.0,1.0,1.0,0.0,1,0.0,0,0.0,0.0,0.0,0,0.0,0.0,1.0,1,0.5496,1
23.0,2.14,1.0,1.0,1.0,0.0,0,0.0,0,0.0,0.0,0.0,0,1.0,1.0,1.0,1,0.5114,0
35.0,2.192,0.0,0.0,0.0,0.0,1,0.0,0,0.0,0.0,0.0,0,0.0,0.0,0.0,0,0.2866,1
26.0,1.976,1.0,1.0,1.0,0.0,0,0.0,0,0.0,0.0,0.0,0,0.0,1.0,0.0,1,0.6263,0
62.0,3.632,1.0,1.0,0.0,0.0,1,1.0,0,0.0,1.0,0.0,0,0.0,0.0,0.0,1,0.4446,1
44.0,7.762,0.0,1.0,0.0,0.0,0,0.0,1,1.0,1.0,0.0,0,0.0,0.0,0.0,1,0.3134,0
53.0,11.936,0.0,0.0,0.0,0.0,1,0.0,0,0.0,0.0,0.0,0,0.0,0.0,0.0,0,0.1979,1
31.0,9.318,0.0,0.0,0.0,0.0,0,0.0,0,0.0,0.0,0.0,0,1.0,0.0,0.0,0,0.1731,0
69.0,4.464,1.0,0.0,0.0,0.0,1,1.0,0,0.0,0.0,0.0,0,0.0,0.0,0.0,1,0.3272,1
64.0,7.154,1.0,1.0,0.0,1.0,0,0.0,0,0.0,0.0,1.0,0,0.0,0.0,0.0,1,0.7661,0
41.0,4.694,1.0,1.0,0.0,1.0,0,0.0,1,0.0,0.0,0.0,0,0.0,0.0,0.0,1,0.8029,0
55.0,8.72,0.0,0.0,0.0,0.0,0,0.0,0,0.0,0.0,0.0,0,0.0,0.0,0.0,0,0.2046,0
64.0,3.708,0.0,0.0,0.0,0.0,0,0.0,0,0.0,0.0,0.0,0,0.0,0.0,0.0,0,0.1938,0
39.0,4.35,1.0,1.0,0.0,0.0,1,0.0,0,1.0,0.0,1.0,0,0.0,0.0,0.0,1,0.3627,1
31.0,9.438,1.0,1.0,0.0,0.0,0,0.0,0,0.0,1.0,0.0,0,0.0,1.0,0.0,1,0.4772,0
62.0,5.616,0.0,1.0,0.0,0.0,0,0.0,0,0.0,0.0,0.0,0,0.0,0.0,0.0,1,0.3025,0
70.0,2.27,0.0,0.0,0.0,0.0,0,0.0,0,0.0,0.0,0.0,0,0.0,0.0,0.0,0,0.2492,0
49.0,3.28,0.0,0.0,0.0,0.0,0,0.0,0,0.0,1.0,0.0,0,0.0,0.0,0.0,0,0.2017,0
49.0,13.31,1.0,1.0,0.0,1.0,1,0.0,0,0.0,0.0,1.0,0,0.0,0.0,0.0,1,0.7672,1
42.0,7.758,0.0,0.0,1.0,0.0,1,0.0,0,0.0,0.0,0.0,0,1.0,0.0,0.0,0,0.2986,1
51.0,9.87,0.0,0.0,0.0,0.0,1,0.0,0,0.0,0.0,0.0,0,0.0,0.0,0.0,0,0.1927,1
19.0,12.074,1.0,1.0,1.0,1.0,1,1.0,0,1.0,0.0,0.0,1,1.0,0.0,1.0,1,0.8923,1
48.0,5.976,1.0,1.0,1.0,1.0,1,0.0,0,0.0,1.0,0.0,0,0.0,0.0,0.0,1,0.7512,1
59.0,4.994,0.0,0.0,0.0,0.0,0,0.0,0,0.0,0.0,0.0,0,0.0,0.0,0.0,0,0.2498,0
34.0,4.412,0.0,0.0,0.0,0.0,0,0.0,0,0.0,0.0,0.0,0,1.0,0.0,0.0,0,0.2052,0
39.0,3.478,1.0,1.0,0.0,0.0,0,0.0,0,1.0,0.0,0.0,0,0.0,0.0,0.0,1,0.32,0
28.0,4.324,0.0,0.0,0.0,0.0,0,0.0,0,0.0,0.0,0.0,0,0.0,0.0,0.0,0,0.2282,0
58.0,8.79,1.0,0.0,0.0,1.0,1,0.0,0,0.0,0.0,0.0,0,0.0,0.0,0.0,1,0.5664,1
38.0,8.004,1.0,1.0,1.0,1.0,1,0.0,0,0.0,0.0,1.0,0,0.0,1.0,0.0,1,0.8652,1
58.0,2.17,1.0,0.0,0.0,0.0,0,0.0,0,0.0,0.0,0.0,0,0.0,0.0,0.0,1,0.3994,0
52.0,7.794,0.0,0.0,0.0,0.0,0,0.0,0,0.0,0.0,0.0,0,0.0,0.0,0.0,0,0.2572,0
27.0,7.468,1.0,1.0,0.0,1.0,0,0.0,0,0.0,0.0,0.0,0,0.0,0.0,0.0,1,0.713,0
43.0,6.4,1.0,1.0,1.0,0.0,1,0.0,0,0.0,1.0,1.0,0,0.0,0.0,0.0,1,0.6674,1
45.0,6.932,0.0,0.0,0.0,0.0,0,0.0,1,0.0,0.0,1.0,0,1.0,0.0,0.0,1,0.3253,0
73.0,2.126,1.0,1.0,1.0,0.0,0,0.0,0,0.0,1.0,0.0,0,0.0,1.0,0.0,1,0.6782,0
57.0,8.494,0.0,0.0,0.0,0.0,1,0.0,0,0.0,0.0,0.0,0,0.0,0.0,0.0,0,0.2024,1
46.0,3.744,0.0,0.0,0.0,0.0,1,0.0,0,0.0,0.0,0.0,0,0.0,0.0,0.0,0,0.1938,1
20.0,6.608,1.0,0.0,0.0,0.0,0,0.0,0,0.0,0.0,0.0,0,1.0,0.0,1.0,1,0.3726,0
41.0,7.352,0.0,0.0,0.0,0.0,0,0.0,0,0.0,0.0,0.0,0,0.0,0.0,0.0,0,0.2804,0
33.0,11.128,0.0,0.0,0.0,0.0,0,0.0,0,0.0,0.0,0.0,0,0.0,0.0,0.0,0,0.1976,0
34.0,2.582,0.0,0.0,0.0,0.0,0,0.0,0,0.0,0.0,0.0,0,0.0,0.0,0.0,0,0.2145,0
37.0,3.444,1.0,1.0,0.0,1.0,1,0.0,0,0.0,0.0,0.0,0,1.0,0.0,0.0,1,0.7218,1
30.0,5.942,0.0,0.0,0.0,0.0,0,0.0,0,0.0,1.0,1.0,1,0.0,0.0,0.0,1,0.3056,0
62.0,1.532,0.0,0.0,0.0,0.0,0,0.0,0,0.0,0.0,0.0,0,0.0,0.0,0.0,1,0.3128,0
64.0,1.952,1.0,0.0,0.0,1.0,0,0.0,0,0.0,0.0,0.0,0,0.0,0.0,0.0,1,0.7081,0
42.0,9.396,0.0,0.0,0.0,1.0,1,0.0,0,1.0,0.0,0.0,0,0.0,0.0,0.0,1,0.3138,1
31.0,8.378,0.0,0.0,0.0,0.0,0,0.0,0,0.0,0.0,0.0,0,0.0,0.0,0.0,0,0.2024,0
35.0,8.548,1.0,1.0,0.0,1.0,0,0.0,0,0.0,0.0,0.0,1,1.0,1.0,0.0,1,0.7809,0
45.0,11.672,1.0,1.0,1.0,0.0,1,0.0,0,1.0,1.0,1.0,0,1.0,0.0,0.0,1,0.6387,1
57.0,3.29,1.0,0.0,1.0,0.0,0,0.0,0,0.0,0.0,0.0,0,1.0,1.0,0.0,1,0.3779,0
42.0,6.678,1.0,1.0,0.0,0.0,1,0.0,0,0.0,0.0,0.0,0,0.0,0.0,0.0,1,0.4479,1
45.0,3.264,0.0,0.0,0.0,0.0,0,0.0,0,0.0,0.0,0.0,0,0.0,1.0,0.0,0,0.198,0
42.0,2.854,0.0,0.0,0.0,0.0,1,0.0,0,0.0,0.0,0.0,0,1.0,0.0,0.0,0,0.1828,1
34.0,6.538,1.0,1.0,0.0,0.0,1,0.0,0,0.0,0.0,0.0,0,1.0,0.0,0.0,1,0.4614,1
26.0,6.974,0.0,0.0,0.0,0.0,1,0.0,0,0.0,0.0,0.0,0,0.0,0.0,0.0,0,0.2737,1
77.0,11.334,0.0,1.0,0.0,1.0,0,0.0,0,0.0,0.0,0.0,0,0.0,0.0,0.0,1,0.4379,0
22.0,6.006,1.0,1.0,1.0,0.0,0,0.0,0,0.0,0.0,0.0,0,0.0,0.0,1.0,1,0.5207,0
23.0,14.312,1.0,1.0,1.0,1.0,1,0.0,0,1.0,1.0,0.0,0,0.0,1.0,1.0,1,0.791,1
74.0,6.652,0.0,0.0,0.0,0.0,1,0.0,0,0.0,0.0,0.0,0,0.0,0.0,0.0,0,0.2743,1
26.0,3.698,0.0,0.0,0.0,0.0,1,0.0,0,0.0,0.0,0.0,0,0.0,0.0,0.0,0,0.1938,1
31.0,10.112,1.0,1.0,0.0,1.0,1,0.0,0,0.0,1.0,0.0,0,1.0,0.0,0.0,1,0.7163,1
37.0,7.504,1.0,1.0,0.0,1.0,1,0.0,0,1.0,0.0,0.0,0,1.0,0.0,0.0,1,0.7335,1
50.0,4.928,0.0,0.0,0.0,0.0,1,0.0,0,0.0,0.0,1.0,0,1.0,0.0,0.0,0,0.222,1
83.0,3.504,0.0,0.0,0.0,0.0,0,0.0,0,0.0,0.0,0.0,0,0.0,0.0,0.0,0,0.1915,0
24.0,3.286,0.0,0.0,0.0,0.0,0,0.0,0,0.0,0.0,0.0,0,0.0,0.0,1.0,0,0.22,0
54.0,8.416,1.0,0.0,0.0,0.0,1,0.0,0,1.0,0.0,0.0,0,1.0,0.0,0.0,0,0.2599,1
31.0,7.876,1.0,1.0,0.0,1.0,0,0.0,0,0.0,0.0,0.0,0,1.0,0.0,0.0,1,0.7593,0
25.0,4.816,0.0,0.0,0.0,0.0,0,0.0,0,0.0,0.0,0.0,0,1.0,0.0,1.0,0,0.224,0
63.0,6.408,0.0,0.0,1.0,1.0,0,0.0,0,1.0,0.0,0.0,0,0.0,1.0,0.0,1,0.4723,0
33.0,11.784,0.0,0.0,0.0,0.0,1,0.0,0,0.0,0.0,0.0,0,0.0,0.0,0.0,0,0.1989,1
45.0,2.716,0.0,0.0,0.0,0.0,1,0.0,0,0.0,0.0,0.0,0,0.0,0.0,0.0,0,0.2173,1
38.0,7.488,0.0,1.0,0.0,0.0,0,0.0,0,0.0,0.0,0.0,0,0.0,0.0,0.0,1,0.3117,0
21.0,5.19,1.0,1.0,1.0,1.0,0,0.0,0,0.0,1.0,1.0,0,1.0,1.0,1.0,1,0.8658,0
49.0,2.696,1.0,0.0,0.0,0.0,0,0.0,0,1.0,0.0,0.0,0,0.0,0.0,0.0,0,0.2933,0
43.0,6.784,0.0,0.0,0.0,0.0,1,0.0,0,0.0,0.0,0.0,0,0.0,0.0,0.0,0,0.2732,1
63.0,5.352,0.0,0.0,0.0,1.0,0,0.0,0,0.0,0.0,0.0,0,0.0,0.0,0.0,1,0.4715,0
21.0,7.252,1.0,1.0,0.0,0.0,0,0.0,0,0.0,1.0,1.0,1,1.0,0.0,1.0,1,0.6383,0
55.0,6.272,0.0,0.0,0.0,0.0,0,0.0,0,0.0,0.0,0.0,0,0.0,0.0,0.0,0,0.2618,0
51.0,5.142,0.0,0.0,0.0,0.0,1,0.0,0,1.0,0.0,0.0,0,1.0,1.0,0.0,0,0.2326,1
35.0,19.636,0.0,1.0,0.0,1.0,1,0.0,0,1.0,0.0,0.0,0,1.0,1.0,0.0,1,0.6724,1
39.0,6.628,1.0,1.0,0.0,1.0,1,0.0,0,0.0,0.0,0.0,0,1.0,0.0,0.0,1,0.7597,1
42.0,4.072,1.0,0.0,1.0,0.0,1,0.0,0,0.0,0.0,0.0,0,0.0,0.0,0.0,1,0.3975,1
38.0,2.952,0.0,0.0,0.0,0.0,0,0.0,0,1.0,1.0,0.0,0,0.0,0.0,0.0,0,0.2188,0
31.0,9.712,1.0,1.0,0.0,1.0,1,0.0,0,0.0,0.0,1.0,0,1.0,1.0,0.0,1,0.8328,1
30.0,9.166,0.0,0.0,0.0,0.0,0,0.0,0,0.0,0.0,0.0,0,0.0,0.0,0.0,0,0.1905,0
20.0,12.35,1.0,1.0,0.0,0.0,1,0.0,0,0.0,0.0,0.0,0,0.0,0.0,1.0,1,0.4262,1
52.0,2.934,1.0,0.0,0.0,0.0,0,0.0,0,0.0,0.0,0.0,0,0.0,0.0,0.0,1,0.3617,0
25.0,14.024,0.0,0.0,0.0,0.0,0,0.0,0,1.0,0.0,0.0,0,1.0,0.0,1.0,0,0.2212,0
41.0,15.564,1.0,1.0,1.0,0.0,0,0.0,1,1.0,0.0,1.0,0,1.0,1.0,0.0,1,0.6929,0
61.0,10.278,0.0,0.0,0.0,0.0,0,0.0,0,0.0,0.0,0.0,0,0.0,0.0,0.0,0,0.1936,0
82.0,1.502,0.0,0.0,0.0,0.0,0,0.0,0,0.0,0.0,0.0,0,0.0,0.0,0.0,1,0.316,0
55.0,6.9,0.0,0.0,0.0,0.0,0,1.0,0,0.0,0.0,0.0,0,0.0,0.0,0.0,0,0.2828,0
39.0,4.62,0.0,0.0,0.0,0.0,0,0.0,0,0.0,0.0,0.0,0,0.0,0.0,0.0,0,0.2489,0
39.0,16.48,1.0,1.0,0.0,1.0,0,0.0,0,0.0,0.0,0.0,0,0.0,0.0,0.0,1,0.681,0
20.0,6.322,1.0,1.0,1.0,0.0,1,1.0,0,1.0,0.0,1.0,0,1.0,1.0,1.0,1,0.7508,1
35.0,8.008,1.0,0.0,0.0,0.0,0,0.0,0,1.0,1.0,0.0,0,0.0,0.0,0.0,1,0.4023,0
69.0,8.232,0.0,0.0,0.0,0.0,1,0.0,0,0.0,0.0,0.0,0,0.0,0.0,0.0,0,0.2037,1
57.0,7.58,0.0,0.0,0.0,0.0,0,0.0,0,0.0,0.0,0.0,0,0.0,0.0,0.0,0,0.2675,0
40.0,4.876,1.0,1.0,0.0,0.0,0,0.0,0,1.0,0.0,0.0,0,1.0,0.0,0.0,1,0.3472,0
39.0,3.906,1.0,0.0,0.0,0.0,1,0.0,0,0.0,0.0,0.0,0,0.0,0.0,0.0,0,0.2931,1
40.0,8.66,1.0,1.0,0.0,0.0,1,0.0,0,0.0,0.0,0.0,0,0.0,0.0,0.0,1,0.3697,1
52.0,2.88,1.0,0.0,0.0,0.0,0,0.0,0,0.0,0.0,0.0,0,0.0,0.0,0.0,1,0.3139,0
35.0,6.552,0.0,0.0,0.0,0.0,0,0.0,0,0.0,0.0,0.0,0,0.0,0.0,0.0,0,0.2818,0
37.0,0.974,0.0,1.0,0.0,0.0,0,0.0,0,1.0,0.0,0.0,0,0.0,0.0,0.0,0,0.2625,0
47.0,3.234,0.0,0.0,0.0,0.0,0,0.0,0,0.0,0.0,0.0,0,0.0,0.0,0.0,0,0.1971,0
34.0,10.616,0.0,0.0,0.0,0.0,0,0.0,0,1.0,0.0,0.0,0,0.0,0.0,0.0,0,0.1565,0
73.0,2.762,0.0,0.0,0.0,0.0,1,0.0,0,0.0,0.0,0.0,0,0.0,0.0,0.0,0,0.2173,1
54.0,4.122,1.0,0.0,0.0,0.0,0,0.0,0,0.0,0.0,0.0,0,0.0,0.0,0.0,1,0.3304,0
59.0,11.188,1.0,1.0,1.0,1.0,0,0.0,1,0.0,0.0,0.0,0,1.0,0.0,0.0,1,0.8224,0
28.0,10.246,1.0,0.0,0.0,1.0,0,0.0,0,0.0,1.0,0.0,0,0.0,0.0,0.0,1,0.5976,0
17.0,10.51,0.0,1.0,0.0,1.0,1,0.0,0,1.0,1.0,1.0,1,0.0,0.0,1.0,1,0.6859,1
71.0,6.042,0.0,0.0,0.0,0.0,0,0.0,1,0.0,0.0,0.0,0,0.0,0.0,0.0,0,0.2748,0
24.0,8.65,0.0,0.0,0.0,0.0,0,0.0,0,0.0,0.0,0.0,0,0.0,0.0,1.0,0,0.2397,0
25.0,9.024,1.0,1.0,1.0,1.0,0,0.0,0,1.0,1.0,1.0,0,0.0,0.0,1.0,1,0.7726,0
47.0,5.512,0.0,0.0,0.0,0.0,1,0.0,0,0.0,0.0,0.0,0,0.0,0.0,0.0,0,0.2804,1
31.0,9.834,1.0,0.0,1.0,0.0,1,1.0,0,0.0,0.0,0.0,0,0.0,0.0,0.0,1,0.4132,1
45.0,4.676,0.0,0.0,0.0,0.0,0,0.0,0,0.0,0.0,0.0,0,0.0,0.0,0.0,0,0.2695,0
40.0,3.294,1.0,1.0,0.0,1.0,0,0.0,0,1.0,1.0,1.0,0,1.0,0.0,0.0,1,0.7996,0
64.0,9.886,1.0,0.0,1.0,0.0,1,0.0,0,0.0,0.0,0.0,0,1.0,0.0,0.0,1,0.3415,1
34.0,2.794,1.0,1.0,1.0,0.0,1,0.0,0,1.0,0.0,0.0,0,1.0,1.0,0.0,1,0.5718,1
39.0,4.086,1.0,1.0,1.0,0.0,1,0.0,0,0.0,0.0,0.0,0,0.0,1.0,0.0,1,0.5711,1
75.0,2.974,1.0,1.0,0.0,0.0,1,0.0,0,0.0,0.0,1.0,0,0.0,0.0,0.0,1,0.4846,1
41.0,14.474,1.0,1.0,1.0,1.0,1,1.0,0,0.0,0.0,0.0,0,1.0,0.0,0.0,1,0.8056,1
20.0,21.766,0.0,1.0,1.0,1.0,1,0.0,0,0.0,1.0,0.0,0,0.0,0.0,1.0,1,0.7249,1
41.0,7.88,0.0,0.0,0.0,0.0,0,0.0,0,0.0,0.0,0.0,0,0.0,0.0,0.0,0,0.2681,0
45.0,9.294,0.0,0.0,0.0,0.0,0,0.0,0,0.0,0.0,0.0,0,0.0,0.0,0.0,0,0.1865,0
60.0,4.212,0.0,0.0,0.0,0.0,1,0.0,0,0.0,0.0,0.0,0,0.0,0.0,0.0,0,0.2265,1
62.0,5.452,1.0,0.0,0.0,1.0,0,0.0,0,0.0,0.0,0.0,0,1.0,0.0,0.0,1,0.6999,0
40.0,1.514,0.0,0.0,0.0,0.0,0,0.0,0,0.0,0.0,0.0,0,0.0,0.0,0.0,1,0.3128,0
37.0,19.464,1.0,0.0,0.0,0.0,0,0.0,0,1.0,1.0,0.0,0,0.0,1.0,0.0,1,0.5955,0
29.0,14.39,0.0,0.0,0.0,0.0,1,0.0,0,0.0,0.0,0.0,0,1.0,1.0,0.0,0,0.2719,1
60.0,9.092,1.0,1.0,0.0,0.0,0,0.0,0,0.0,0.0,1.0,0,0.0,0.0,0.0,1,0.4152,0
29.0,3.44,1.0,1.0,1.0,0.0,0,0.0,0,0.0,0.0,0.0,0,0.0,0.0,0.0,1,0.4937,0
29.0,1.822,1.0,0.0,0.0,1.0,0,1.0,0,0.0,0.0,0.0,0,0.0,0.0,0.0,1,0.6459,0
41.0,3.526,0.0,0.0,0.0,0.0,0,0.0,0,0.0,0.0,0.0,0,0.0,0.0,0.0,0,0.1915,0
65.0,14.334,0.0,1.0,0.0,0.0,1,0.0,0,1.0,1.0,1.0,0,1.0,1.0,0.0,1,0.4178,1
70.0,3.01,0.0,0.0,0.0,0.0,1,0.0,0,0.0,0.0,0.0,0,1.0,0.0,0.0,0,0.1987,1
42.0,12.224,1.0,0.0,1.0,0.0,1,0.0,0,0.0,1.0,0.0,0,1.0,0.0,0.0,1,0.3789,1
45.0,2.866,1.0,0.0,0.0,0.0,0,0.0,0,0.0,0.0,0.0,0,0.0,0.0,0.0,1,0.3053,0
22.0,16.554,1.0,1.0,0.0,1.0,1,1.0,0,1.0,1.0,0.0,0,1.0,0.0,1.0,1,0.8686,1
40.0,3.636,0.0,0.0,0.0,0.0,0,0.0,0,0.0,0.0,0.0,0,0.0,0.0,0.0,0,0.1938,0
31.0,7.378,1.0,0.0,0.0,0.0,1,0.0,0,0.0,0.0,0.0,0,0.0,0.0,0.0,1,0.3846,1
51.0,4.812,0.0,0.0,0.0,0.0,1,0.0,0,0.0,0.0,0.0,0,0.0,0.0,0.0,0,0.2483,1
58.0,6.25,0.0,0.0,0.0,1.0,1,0.0,0,0.0,0.0,0.0,0,0.0,0.0,0.0,1,0.4474,1
54.0,2.99,1.0,1.0,0.0,0.0,1,0.0,0,1.0,0.0,0.0,0,0.0,0.0,0.0,1,0.3669,1
31.0,3.154,1.0,0.0,0.0,0.0,1,0.0,0,1.0,0.0,0.0,0,1.0,0.0,0.0,0,0.2638,1
61.0,5.826,0.0,0.0,0.0,0.0,1,0.0,0,0.0,0.0,0.0,0,0.0,0.0,0.0,0,0.2753,1
58.0,1.662,0.0,0.0,1.0,0.0,0,0.0,0,0.0,0.0,0.0,0,0.0,0.0,0.0,1,0.3788,0
22.0,9.57,0.0,1.0,0.0,0.0,1,0.0,0,0.0,0.0,1.0,0,0.0,0.0,1.0,1,0.3454,1
31.0,5.424,1.0,0.0,0.0,1.0,1,1.0,0,0.0,0.0,0.0,0,0.0,0.0,0.0,1,0.6552,1
33.0,6.56,0.0,0.0,0.0,0.0,1,0.0,0,1.0,0.0,0.0,0,0.0,0.0,0.0,0,0.244,1
60.0,1.598,0.0,0.0,0.0,0.0,1,0.0,0,0.0,0.0,0.0,0,0.0,0.0,0.0,1,0.3158,1
71.0,7.946,0.0,0.0,0.0,0.0,0,0.0,0,0.0,0.0,0.0,0,0.0,0.0,0.0,0,0.2681,0
71.0,5.826,1.0,1.0,1.0,0.0,1,0.0,0,0.0,1.0,0.0,0,1.0,0.0,0.0,1,0.6053,1
31.0,4.606,1.0,1.0,0.0,1.0,1,0.0,0,0.0,1.0,1.0,0,0.0,0.0,0.0,1,0.7414,1
30.0,3.752,0.0,0.0,0.0,0.0,0,0.0,0,1.0,0.0,0.0,0,0.0,0.0,0.0,0,0.1588,0
60.0,8.548,1.0,0.0,0.0,0.0,0,0.0,0,0.0,0.0,0.0,0,0.0,0.0,0.0,0,0.2951,0
49.0,13.254,1.0,1.0,1.0,0.0,1,0.0,0,0.0,0.0,0.0,0,1.0,0.0,0.0,1,0.5966,1
33.0,10.396,1.0,1.0,1.0,1.0,1,0.0,0,0.0,0.0,0.0,0,0.0,1.0,0.0,1,0.7511,1
53.0,2.704,1.0,1.0,1.0,1.0,1,0.0,0,1.0,0.0,0.0,0,0.0,0.0,0.0,1,0.7117,1
72.0,6.766,0.0,0.0,0.0,0.0,0,0.0,0,0.0,0.0,0.0,0,0.0,0.0,0.0,0,0.2732,0
45.0,3.37,1.0,1.0,1.0,1.0,0,0.0,0,0.0,0.0,0.0,0,1.0,0.0,0.0,1,0.7719,0
33.0,9.168,0.0,0.0,0.0,0.0,1,0.0,0,0.0,0.0,0.0,0,0.0,0.0,0.0,0,0.1905,1
39.0,13.918,0.0,0.0,0.0,0.0,0,0.0,1,0.0,0.0,0.0,0,1.0,0.0,0.0,0,0.2948,0
55.0,6.216,0.0,0.0,0.0,0.0,1,0.0,1,0.0,0.0,0.0,0,0.0,0.0,0.0,0,0.2915,1
43.0,12.616,1.0,0.0,0.0,0.0,0,1.0,0,0.0,0.0,0.0,0,0.0,0.0,0.0,1,0.4294,0
44.0,8.992,1.0,1.0,1.0,1.0,1,0.0,0,0.0,0.0,0.0,0,1.0,0.0,0.0,1,0.7637,1
72.0,4.076,0.0,0.0,0.0,0.0,0,0.0,0,0.0,0.0,0.0,0,0.0,0.0,0.0,0,0.234,0
43.0,8.718,0.0,0.0,0.0,0.0,0,0.0,0,0.0,0.0,0.0,0,0.0,0.0,0.0,0,0.2046,0
47.0,19.96,1.0,1.0,0.0,0.0,1,0.0,0,0.0,0.0,0.0,0,1.0,0.0,0.0,1,0.5373,1
18.0,2.406,1.0,1.0,1.0,1.0,1,0.0,0,1.0,0.0,0.0,0,0.0,0.0,1.0,1,0.8293,1
36.0,3.68,0.0,0.0,0.0,0.0,1,0.0,0,0.0,0.0,0.0,0,1.0,0.0,0.0,0,0.1745,1
32.0,10.132,1.0,0.0,0.0,0.0,0,0.0,0,1.0,0.0,0.0,0,0.0,0.0,0.0,0,0.2623,0
35.0,3.782,0.0,0.0,0.0,0.0,1,0.0,0,0.0,0.0,0.0,0,0.0,0.0,0.0,0,0.1938,1
66.0,9.856,0.0,0.0,0.0,0.0,0,0.0,0,0.0,0.0,0.0,0,0.0,0.0,0.0,0,0.1927,0
55.0,2.06,0.0,0.0,0.0,0.0,0,0.0,0,0.0,0.0,0.0,0,0.0,0.0,0.0,0,0.2797,0
29.0,7.046,0.0,0.0,0.0,0.0,1,0.0,0,0.0,0.0,0.0,0,0.0,0.0,0.0,0,0.2754,1
52.0,9.486,0.0,0.0,0.0,0.0,0,0.0,0,0.0,0.0,0.0,0,0.0,0.0,0.0,0,0.1867,0
35.0,5.148,0.0,0.0,0.0,0.0,1,0.0,0,0.0,0.0,0.0,0,0.0,0.0,0.0,0,0.2719,1
65.0,1.476,0.0,0.0,0.0,0.0,1,0.0,0,0.0,0.0,0.0,0,0.0,0.0,0.0,1,0.3148,1
37.0,4.096,1.0,0.0,1.0,1.0,0,0.0,0,0.0,0.0,0.0,0,0.0,0.0,0.0,1,0.6199,0
30.0,10.398,0.0,0.0,0.0,0.0,0,0.0,0,0.0,0.0,0.0,0,0.0,0.0,0.0,0,0.1785,0
29.0,4.742,0.0,0.0,0.0,0.0,0,0.0,0,0.0,0.0,0.0,0,0.0,0.0,0.0,0,0.2483,0
29.0,7.044,1.0,0.0,0.0,0.0,0,0.0,0,0.0,0.0,0.0,0,1.0,1.0,0.0,1,0.4009,0
63.0,5.994,0.0,0.0,0.0,0.0,0,0.0,0,0.0,0.0,0.0,0,0.0,0.0,0.0,0,0.2469,0
29.0,8.986,1.0,0.0,0.0,1.0,1,0.0,0,0.0,0.0,0.0,0,1.0,0.0,0.0,1,0.6201,1
34.0,6.804,1.0,1.0,0.0,0.0,0,0.0,0,0.0,0.0,0.0,0,1.0,0.0,0.0,1,0.4525,0
39.0,7.858,0.0,0.0,0.0,0.0,0,0.0,0,0.0,0.0,0.0,0,0.0,0.0,0.0,0,0.2681,0
39.0,1.996,0.0,0.0,0.0,0.0,1,0.0,0,0.0,0.0,0.0,0,0.0,0.0,0.0,0,0.2805,1
49.0,2.254,1.0,1.0,0.0,0.0,0,0.0,0,0.0,0.0,0.0,0,0.0,0.0,0.0,1,0.43,0
41.0,3.64,0.0,0.0,0.0,0.0,0,0.0,0,0.0,0.0,0.0,0,0.0,0.0,0.0,0,0.1938,0
28.0,13.148,0.0,0.0,0.0,0.0,0,0.0,0,0.0,0.0,0.0,0,0.0,0.0,0.0,0,0.2956,0
73.0,3.264,0.0,1.0,1.0,0.0,1,0.0,0,0.0,1.0,1.0,0,1.0,0.0,0.0,1,0.5218,1
34.0,2.454,0.0,0.0,0.0,0.0,0,0.0,0,0.0,0.0,0.0,0,0.0,0.0,0.0,0,0.2414,0
81.0,1.004,0.0,0.0,0.0,0.0,1,0.0,0,0.0,0.0,0.0,0,0.0,0.0,0.0,0,0.2455,1
72.0,4.02,1.0,1.0,1.0,0.0,0,0.0,0,0.0,0.0,0.0,0,1.0,0.0,0.0,1,0.5435,0
59.0,4.122,1.0,1.0,0.0,0.0,1,1.0,0,1.0,1.0,1.0,0,0.0,0.0,0.0,1,0.4882,1
32.0,8.708,1.0,0.0,0.0,0.0,0,0.0,1,1.0,0.0,0.0,0,1.0,0.0,0.0,0,0.2945,0
24.0,13.928,0.0,0.0,0.0,0.0,0,0.0,0,1.0,1.0,0.0,0,0.0,0.0,1.0,0,0.2358,0
42.0,13.57,0.0,1.0,1.0,1.0,1,0.0,0,0.0,0.0,0.0,0,1.0,0.0,0.0,1,0.6871,1
20.0,4.934,1.0,0.0,0.0,0.0,0,0.0,0,0.0,0.0,0.0,0,1.0,0.0,1.0,1,0.3382,0
42.0,5.062,0.0,0.0,0.0,0.0,1,0.0,0,0.0,0.0,0.0,0,0.0,0.0,0.0,0,0.267,1
40.0,13.406,1.0,1.0,1.0,1.0,1,0.0,0,0.0,0.0,0.0,0,0.0,1.0,0.0,1,0.8185,1
61.0,7.218,0.0,0.0,1.0,0.0,1,1.0,0,0.0,0.0,1.0,0,1.0,0.0,0.0,1,0.4691,1
59.0,7.124,1.0,1.0,1.0,1.0,0,0.0,0,0.0,0.0,0.0,0,0.0,1.0,0.0,1,0.7993,0
41.0,3.24,0.0,0.0,0.0,0.0,0,0.0,0,0.0,0.0,0.0,0,0.0,0.0,0.0,0,0.1996,0
38.0,8.056,0.0,0.0,0.0,0.0,0,0.0,0,0.0,0.0,0.0,0,0.0,0.0,0.0,0,0.2663,0
55.0,11.688,0.0,1.0,1.0,0.0,0,0.0,1,1.0,0.0,0.0,0,0.0,0.0,0.0,1,0.4309,0
27.0,10.084,1.0,0.0,0.0,1.0,1,0.0,0,0.0,1.0,0.0,1,1.0,0.0,0.0,1,0.745,1
31.0,10.138,1.0,0.0,0.0,0.0,0,0.0,0,0.0,0.0,0.0,0,0.0,0.0,0.0,0,0.2872,0
37.0,9.556,0.0,0.0,1.0,1.0,1,1.0,0,1.0,0.0,0.0,0,1.0,0.0,0.0,1,0.5536,1
37.0,3.678,0.0,0.0,1.0,0.0,1,0.0,0,0.0,0.0,0.0,0,0.0,1.0,0.0,0,0.2464,1
28.0,4.254,1.0,0.0,0.0,0.0,0,0.0,0,0.0,0.0,0.0,0,1.0,0.0,0.0,1,0.3177,0
37.0,3.1,1.0,1.0,1.0,0.0,1,0.0,0,0.0,0.0,0.0,0,0.0,0.0,0.0,1,0.5032,1
45.0,6.398,0.0,0.0,0.0,0.0,1,0.0,0,0.0,1.0,1.0,0,0.0,0.0,0.0,0,0.2764,1
41.0,3.62,0.0,0.0,0.0,0.0,0,0.0,0,0.0,0.0,0.0,0,0.0,0.0,0.0,0,0.1938,0
71.0,4.72,0.0,0.0,0.0,0.0,0,0.0,0,0.0,0.0,0.0,0,0.0,0.0,0.0,0,0.2695,0
22.0,4.652,0.0,0.0,0.0,0.0,0,0.0,0,0.0,0.0,0.0,0,0.0,0.0,1.0,1,0.3104,0
46.0,1.152,1.0,0.0,1.0,1.0,1,0.0,0,0.0,1.0,0.0,0,0.0,0.0,0.0,1,0.7153,1
82.0,0.434,0.0,0.0,0.0,0.0,1,0.0,0,0.0,0.0,0.0,0,0.0,0.0,0.0,0,0.1474,1
43.0,5.318,1.0,1.0,0.0,0.0,1,0.0,0,0.0,0.0,0.0,0,0.0,0.0,0.0,1,0.4308,1
38.0,7.352,0.0,0.0,0.0,0.0,0,1.0,0,0.0,0.0,0.0,0,0.0,0.0,0.0,0,0.2829,0
30.0,1.422,0.0,0.0,0.0,0.0,0,0.0,0,0.0,0.0,0.0,0,0.0,0.0,0.0,0,0.2954,0
32.0,5.638,0.0,0.0,0.0,0.0,0,0.0,0,0.0,0.0,0.0,0,0.0,0.0,0.0,0,0.2644,0
74.0,5.954,1.0,1.0,1.0,0.0,1,0.0,0,1.0,0.0,0.0,0,1.0,1.0,0.0,1,0.5538,1
50.0,5.836,0.0,0.0,0.0,1.0,1,1.0,0,0.0,0.0,0.0,0,0.0,0.0,0.0,1,0.5069,1
28.0,3.91,1.0,1.0,1.0,0.0,0,0.0,0,0.0,0.0,0.0,0,0.0,0.0,0.0,1,0.4891,0
85.0,1.798,0.0,0.0,0.0,0.0,0,0.0,0,0.0,0.0,0.0,0,0.0,0.0,0.0,0,0.2536,0
35.0,5.574,0.0,1.0,1.0,1.0,1,0.0,0,0.0,0.0,0.0,0,1.0,1.0,0.0,1,0.6998,1
82.0,1.896,0.0,0.0,0.0,0.0,1,0.0,0,0.0,0.0,0.0,0,0.0,0.0,0.0,0,0.2776,1
38.0,4.894,0.0,1.0,1.0,0.0,0,0.0,0,0.0,0.0,0.0,0,0.0,0.0,0.0,1,0.4746,0
29.0,6.388,0.0,0.0,0.0,1.0,1,0.0,0,0.0,0.0,0.0,0,0.0,0.0,0.0,1,0.4683,1
54.0,7.22,0.0,0.0,0.0,0.0,0,0.0,0,0.0,0.0,0.0,0,0.0,0.0,0.0,0,0.2825,0
77.0,10.046,0.0,0.0,0.0,1.0,1,0.0,0,0.0,0.0,0.0,0,0.0,0.0,0.0,1,0.3653,1
79.0,10.602,0.0,0.0,0.0,0.0,1,0.0,0,0.0,0.0,0.0,0,0.0,0.0,0.0,0,0.1779,1
59.0,11.416,0.0,0.0,0.0,0.0,1,0.0,0,0.0,0.0,0.0,0,0.0,0.0,0.0,0,0.1987,1
60.0,2.144,0.0,0.0,0.0,0.0,0,0.0,0,0.0,0.0,0.0,0,1.0,0.0,0.0,0,0.2447,0
64.0,3.974,1.0,0.0,0.0,0.0,0,0.0,0,0.0,0.0,0.0,0,0.0,0.0,0.0,1,0.3149,0
39.0,3.948,0.0,0.0,0.0,0.0,0,0.0,0,0.0,0.0,0.0,0,0.0,0.0,0.0,0,0.2216,0
62.0,7.596,0.0,0.0,0.0,0.0,0,0.0,0,0.0,0.0,0.0,0,0.0,0.0,0.0,0,0.2675,0
31.0,14.412,0.0,0.0,1.0,0.0,0,0.0,1,0.0,0.0,0.0,0,0.0,0.0,0.0,1,0.3336,0
36.0,9.862,1.0,1.0,1.0,1.0,1,0.0,0,1.0,1.0,0.0,0,0.0,0.0,0.0,1,0.7249,1
19.0,7.88,1.0,1.0,1.0,0.0,1,0.0,0,0.0,0.0,0.0,0,0.0,0.0,1.0,1,0.5613,1
55.0,10.952,0.0,1.0,1.0,0.0,1,1.0,0,0.0,0.0,0.0,0,1.0,1.0,0.0,1,0.5837,1
49.0,4.09,0.0,0.0,0.0,0.0,0,0.0,0,0.0,0.0,0.0,0,0.0,0.0,0.0,0,0.234,0
60.0,13.632,1.0,1.0,0.0,1.0,1,0.0,0,0.0,0.0,0.0,0,0.0,0.0,0.0,1,0.6682,1
20.0,6.574,1.0,0.0,1.0,1.0,1,0.0,0,0.0,0.0,0.0,0,0.0,0.0,1.0,1,0.7367,1
26.0,8.174,1.0,0.0,0.0,0.0,0,0.0,0,1.0,0.0,0.0,0,0.0,0.0,0.0,0,0.2683,0
56.0,8.254,0.0,0.0,1.0,0.0,0,0.0,0,0.0,0.0,0.0,0,0.0,0.0,0.0,0,0.2567,0
28.0,6.146,0.0,0.0,0.0,0.0,1,0.0,0,0.0,0.0,0.0,0,0.0,0.0,0.0,0,0.2469,1
79.0,7.788,0.0,0.0,0.0,0.0,0,0.0,0,0.0,0.0,0.0,0,0.0,0.0,0.0,0,0.2572,0
55.0,3.976,0.0,0.0,0.0,0.0,0,0.0,0,0.0,0.0,0.0,0,0.0,0.0,0.0,0,0.2216,0
37.0,5.172,1.0,1.0,0.0,1.0,1,0.0,0,0.0,0.0,0.0,0,1.0,0.0,0.0,1,0.7411,1
43.0,11.534,0.0,0.0,0.0,1.0,1,1.0,0,0.0,0.0,0.0,0,0.0,0.0,0.0,1,0.4252,1
26.0,5.256,0.0,0.0,0.0,0.0,1,0.0,0,0.0,0.0,0.0,0,0.0,0.0,0.0,0,0.2795,1
65.0,6.922,0.0,0.0,0.0,0.0,0,0.0,0,0.0,0.0,0.0,0,0.0,0.0,0.0,0,0.2737,0
34.0,7.752,0.0,0.0,0.0,1.0,1,0.0,0,1.0,0.0,0.0,0,0.0,0.0,0.0,1,0.4061,1
39.0,2.766,1.0,0.0,1.0,0.0,1,0.0,0,0.0,0.0,0.0,0,0.0,1.0,0.0,1,0.4318,1
37.0,9.376,0.0,0.0,0.0,0.0,1,0.0,0,0.0,0.0,0.0,0,0.0,0.0,0.0,0,0.1865,1
43.0,3.558,0.0,0.0,1.0,0.0,1,0.0,0,1.0,0.0,0.0,0,1.0,0.0,0.0,0,0.2182,1
27.0,11.958,0.0,1.0,0.0,1.0,1,0.0,0,0.0,0.0,0.0,0,0.0,0.0,0.0,1,0.4277,1
66.0,12.058,1.0,1.0,1.0,1.0,1,0.0,0,0.0,0.0,1.0,0,0.0,0.0,0.0,1,0.765,1
31.0,6.362,1.0,0.0,0.0,0.0,1,0.0,0,0.0,1.0,0.0,0,0.0,0.0,0.0,1,0.4179,1
46.0,1.416,0.0,0.0,0.0,0.0,0,0.0,0,0.0,0.0,0.0,0,0.0,0.0,0.0,0,0.2954,0
34.0,6.29,1.0,0.0,1.0,1.0,1,0.0,0,1.0,1.0,1.0,0,0.0,0.0,0.0,1,0.7143,1
39.0,11.782,0.0,0.0,0.0,0.0,0,0.0,0,0.0,1.0,0.0,0,1.0,0.0,0.0,0,0.1822,0
61.0,7.31,1.0,1.0,1.0,0.0,0,0.0,0,1.0,0.0,0.0,0,0.0,0.0,0.0,1,0.5658,0
75.0,3.164,1.0,0.0,1.0,0.0,1,0.0,0,1.0,0.0,0.0,0,1.0,0.0,0.0,1,0.3369,1
47.0,2.098,1.0,1.0,0.0,1.0,0,0.0,0,0.0,0.0,0.0,0,0.0,0.0,0.0,1,0.7563,0
38.0,2.514,0.0,0.0,0.0,0.0,0,0.0,0,0.0,0.0,0.0,0,0.0,0.0,0.0,0,0.2126,0
59.0,3.93,0.0,0.0,0.0,0.0,0,0.0,0,0.0,0.0,0.0,0,0.0,0.0,0.0,0,0.1974,0
25.0,1.196,0.0,0.0,0.0,0.0,0,0.0,0,0.0,0.0,0.0,0,1.0,0.0,1.0,0,0.2726,0
59.0,5.782,0.0,0.0,0.0,0.0,0,0.0,0,0.0,0.0,0.0,0,0.0,0.0,0.0,0,0.2753,0
58.0,4.028,1.0,1.0,1.0,0.0,1,0.0,0,0.0,0.0,1.0,0,1.0,0.0,0.0,1,0.6117,1
49.0,7.816,0.0,0.0,0.0,0.0,1,0.0,0,0.0,0.0,0.0,0,0.0,0.0,0.0,0,0.2572,1
21.0,7.7,1.0,1.0,0.0,1.0,1,0.0,0,0.0,0.0,0.0,0,0.0,0.0,1.0,1,0.7275,1
35.0,1.826,1.0,1.0,1.0,1.0,1,0.0,0,0.0,0.0,0.0,0,0.0,1.0,0.0,1,0.7877,1
56.0,19.04,0.0,0.0,0.0,0.0,0,0.0,0,0.0,0.0,0.0,0,0.0,0.0,0.0,1,0.3786,0
34.0,2.048,1.0,1.0,1.0,1.0,1,0.0,0,0.0,0.0,1.0,0,1.0,0.0,0.0,1,0.8629,1
21.0,4.622,0.0,0.0,0.0,0.0,0,0.0,0,0.0,0.0,0.0,0,0.0,0.0,1.0,1,0.3097,0
36.0,8.098,1.0,1.0,1.0,1.0,1,0.0,0,0.0,0.0,0.0,0,1.0,0.0,0.0,1,0.7665,1
33.0,4.518,0.0,0.0,1.0,1.0,1,0.0,0,0.0,0.0,0.0,0,1.0,0.0,0.0,1,0.5267,1
31.0,7.458,0.0,0.0,0.0,0.0,1,0.0,0,0.0,0.0,0.0,0,0.0,0.0,0.0,0,0.2804,1
41.0,7.922,0.0,0.0,0.0,0.0,0,1.0,0,0.0,1.0,0.0,0,0.0,0.0,0.0,0,0.2765,0
43.0,2.642,0.0,0.0,0.0,0.0,0,0.0,0,0.0,0.0,0.0,0,0.0,0.0,0.0,0,0.2159,0
22.0,7.726,0.0,0.0,0.0,0.0,0,0.0,0,0.0,0.0,0.0,0,0.0,0.0,1.0,0,0.2896,0
49.0,6.024,0.0,1.0,0.0,1.0,1,0.0,0,0.0,0.0,1.0,0,1.0,0.0,0.0,1,0.7013,1
35.0,7.79,0.0,0.0,0.0,1.0,0,1.0,0,1.0,0.0,1.0,0,0.0,0.0,0.0,1,0.487,0
31.0,5.978,1.0,1.0,0.0,0.0,0,0.0,0,0.0,1.0,0.0,0,0.0,0.0,0.0,1,0.4696,0
40.0,14.1,1.0,1.0,1.0,0.0,1,0.0,0,1.0,0.0,0.0,0,1.0,1.0,0.0,1,0.6243,1
64.0,4.218,1.0,1.0,1.0,1.0,0,0.0,0,0.0,0.0,1.0,0,0.0,0.0,0.0,1,0.775,0
61.0,2.734,1.0,0.0,0.0,0.0,0,0.0,0,1.0,0.0,0.0,0,0.0,0.0,0.0,0,0.2876,0
45.0,14.404,0.0,1.0,0.0,1.0,0,0.0,0,0.0,0.0,0.0,0,0.0,0.0,0.0,1,0.4828,0
67.0,10.67,0.0,0.0,0.0,0.0,0,0.0,0,0.0,0.0,0.0,0,0.0,0.0,0.0,0,0.1779,0
31.0,9.82,0.0,1.0,0.0,0.0,0,0.0,0,1.0,0.0,0.0,0,1.0,1.0,0.0,0,0.2542,0
70.0,3.702,0.0,0.0,0.0,0.0,0,0.0,0,0.0,0.0,0.0,0,0.0,0.0,0.0,0,0.1938,0
76.0,11.908,0.0,0.0,0.0,0.0,0,0.0,0,0.0,0.0,0.0,0,0.0,0.0,0.0,0,0.1979,0
55.0,1.508,0.0,0.0,1.0,0.0,0,0.0,0,1.0,0.0,0.0,0,1.0,0.0,0.0,1,0.321,0
68.0,7.2,0.0,0.0,0.0,0.0,1,0.0,0,0.0,0.0,0.0,0,0.0,0.0,0.0,0,0.2736,1
31.0,5.496,1.0,1.0,0.0,1.0,0,1.0,0,0.0,0.0,0.0,0,0.0,0.0,0.0,1,0.6942,0
22.0,7.212,0.0,0.0,0.0,1.0,1,0.0,0,0.0,0.0,0.0,0,0.0,0.0,1.0,1,0.4921,1
61.0,3.404,1.0,1.0,1.0,1.0,1,1.0,0,0.0,0.0,0.0,0,1.0,0.0,0.0,1,0.7642,1
63.0,3.53,0.0,0.0,0.0,0.0,0,0.0,0,0.0,0.0,0.0,0,0.0,0.0,0.0,0,0.1915,0
71.0,13.066,0.0,0.0,0.0,0.0,0,0.0,0,0.0,0.0,0.0,0,0.0,0.0,0.0,0,0.2956,0
43.0,10.224,0.0,1.0,0.0,1.0,1,0.0,0,1.0,0.0,0.0,0,0.0,1.0,0.0,1,0.4233,1
39.0,14.822,1.0,0.0,0.0,0.0,1,0.0,0,1.0,0.0,0.0,0,0.0,0.0,0.0,1,0.3372,1
64.0,5.124,0.0,0.0,0.0,0.0,0,0.0,0,0.0,0.0,0.0,0,0.0,0.0,0.0,0,0.2719,0
38.0,6.808,0.0,0.0,0.0,0.0,0,0.0,0,0.0,0.0,0.0,0,0.0,0.0,0.0,0,0.2732,0
76.0,7.412,1.0,1.0,1.0,0.0,0,0.0,0,0.0,1.0,0.0,0,0.0,0.0,0.0,1,0.6181,0
33.0,6.024,1.0,1.0,0.0,1.0,1,0.0,0,0.0,0.0,0.0,0,0.0,1.0,0.0,1,0.721,1
38.0,5.04,1.0,0.0,1.0,1.0,1,0.0,0,0.0,0.0,0.0,0,0.0,0.0,0.0,1,0.654,1
46.0,9.164,0.0,0.0,0.0,0.0,0,0.0,0,0.0,0.0,0.0,0,0.0,0.0,0.0,0,0.1905,0
33.0,11.66,0.0,0.0,0.0,0.0,0,0.0,0,0.0,0.0,0.0,0,1.0,0.0,0.0,0,0.1833,0
32.0,4.238,1.0,1.0,1.0,0.0,1,0.0,0,0.0,0.0,0.0,0,0.0,0.0,0.0,1,0.4973,1
57.0,6.17,0.0,0.0,0.0,0.0,0,0.0,0,0.0,0.0,0.0,0,0.0,0.0,0.0,0,0.2625,0
33.0,5.364,0.0,0.0,0.0,0.0,0,0.0,0,0.0,0.0,0.0,0,0.0,0.0,0.0,0,0.2795,0
71.0,7.446,0.0,0.0,0.0,0.0,1,0.0,0,0.0,0.0,0.0,0,0.0,0.0,0.0,0,0.2804,1
30.0,4.926,1.0,1.0,0.0,1.0,1,0.0,0,1.0,0.0,1.0,0,1.0,0.0,0.0,1,0.7411,1
39.0,10.032,1.0,1.0,0.0,0.0,0,0.0,0,1.0,0.0,1.0,0,1.0,0.0,0.0,1,0.4111,0
19.0,5.96,0.0,0.0,0.0,0.0,0,0.0,0,0.0,0.0,0.0,0,1.0,0.0,1.0,0,0.2538,0
33.0,8.054,1.0,1.0,0.0,0.0,1,0.0,0,0.0,0.0,1.0,0,0.0,0.0,0.0,1,0.5016,1
43.0,2.526,1.0,1.0,1.0,1.0,1,0.0,0,0.0,0.0,0.0,0,0.0,0.0,0.0,1,0.7305,1
31.0,7.438,0.0,1.0,0.0,1.0,1,0.0,0,0.0,0.0,1.0,0,0.0,1.0,0.0,1,0.6575,1
58.0,3.694,0.0,0.0,0.0,0.0,0,0.0,0,0.0,0.0,0.0,0,0.0,0.0,0.0,0,0.1938,0
39.0,1.004,0.0,0.0,0.0,0.0,0,0.0,0,0.0,0.0,0.0,0,0.0,0.0,0.0,0,0.2455,0
76.0,10.642,0.0,0.0,0.0,0.0,1,0.0,0,0.0,0.0,0.0,0,0.0,0.0,0.0,0,0.1779,1
33.0,7.7,0.0,0.0,0.0,0.0,1,0.0,0,0.0,0.0,0.0,0,0.0,0.0,0.0,0,0.2572,1
29.0,3.656,0.0,0.0,0.0,0.0,0,0.0,0,0.0,0.0,0.0,0,0.0,0.0,0.0,0,0.1938,0
74.0,12.982,0.0,0.0,0.0,0.0,0,0.0,0,0.0,0.0,0.0,0,0.0,0.0,0.0,0,0.2862,0
27.0,8.576,1.0,1.0,0.0,0.0,1,0.0,0,1.0,0.0,0.0,0,1.0,0.0,0.0,1,0.3362,1
47.0,2.184,1.0,1.0,1.0,1.0,0,1.0,0,0.0,1.0,1.0,0,1.0,0.0,0.0,1,0.8897,0
49.0,3.376,0.0,0.0,0.0,0.0,1,0.0,0,0.0,0.0,0.0,0,0.0,0.0,0.0,0,0.1974,1
29.0,0.816,1.0,1.0,0.0,0.0,0,0.0,0,0.0,0.0,1.0,0,0.0,0.0,0.0,1,0.5172,0
52.0,4.134,0.0,0.0,0.0,0.0,0,0.0,0,0.0,0.0,0.0,0,0.0,0.0,0.0,0,0.234,0
31.0,6.858,0.0,0.0,0.0,0.0,0,0.0,0,0.0,0.0,1.0,0,0.0,0.0,0.0,0,0.2779,0
31.0,4.8,0.0,0.0,0.0,0.0,0,0.0,0,0.0,0.0,0.0,0,0.0,0.0,0.0,0,0.2483,0
58.0,3.586,0.0,0.0,0.0,0.0,1,0.0,0,0.0,0.0,0.0,0,0.0,0.0,0.0,0,0.1938,1
46.0,8.124,0.0,0.0,0.0,0.0,0,0.0,0,0.0,0.0,0.0,0,0.0,0.0,0.0,0,0.2151,0
37.0,4.496,0.0,0.0,0.0,1.0,1,0.0,0,1.0,0.0,0.0,0,1.0,0.0,0.0,1,0.457,1
36.0,5.778,1.0,1.0,1.0,0.0,1,0.0,0,1.0,1.0,0.0,0,0.0,1.0,0.0,1,0.6521,1
71.0,5.262,1.0,1.0,1.0,1.0,1,0.0,0,1.0,0.0,0.0,0,0.0,1.0,0.0,1,0.7448,1
22.0,3.602,1.0,1.0,1.0,1.0,1,0.0,0,1.0,0.0,0.0,0,0.0,0.0,1.0,1,0.7776,1
53.0,13.81,0.0,0.0,0.0,0.0,1,1.0,0,0.0,0.0,1.0,0,0.0,0.0,0.0,1,0.3171,1
40.0,11.576,1.0,0.0,0.0,1.0,1,0.0,0,1.0,0.0,1.0,0,0.0,0.0,0.0,1,0.5978,1
45.0,6.334,1.0,1.0,1.0,1.0,0,1.0,0,0.0,0.0,0.0,0,0.0,1.0,0.0,1,0.8225,0
23.0,7.14,0.0,0.0,0.0,0.0,1,0.0,0,0.0,0.0,0.0,0,0.0,0.0,1.0,0,0.2317,1
26.0,5.784,1.0,0.0,0.0,1.0,0,0.0,0,0.0,0.0,1.0,0,0.0,0.0,0.0,1,0.6979,0
40.0,8.912,0.0,0.0,0.0,1.0,0,0.0,0,0.0,0.0,0.0,0,0.0,0.0,0.0,1,0.3785,0
58.0,3.98,0.0,0.0,0.0,0.0,0,0.0,0,0.0,0.0,0.0,0,0.0,0.0,0.0,0,0.2216,0
37.0,4.696,0.0,0.0,0.0,0.0,1,0.0,0,0.0,0.0,0.0,0,0.0,0.0,0.0,0,0.2695,1
67.0,1.49,0.0,0.0,0.0,0.0,0,0.0,0,0.0,0.0,0.0,0,0.0,0.0,0.0,1,0.316,0
65.0,3.758,1.0,1.0,1.0,1.0,1,0.0,0,0.0,1.0,0.0,0,1.0,0.0,0.0,1,0.7947,1
62.0,6.166,0.0,0.0,0.0,0.0,0,0.0,0,0.0,0.0,0.0,0,0.0,0.0,0.0,0,0.2625,0
56.0,3.804,1.0,0.0,0.0,0.0,1,0.0,0,0.0,0.0,0.0,0,0.0,0.0,0.0,0,0.2883,1
32.0,2.668,1.0,1.0,0.0,1.0,0,0.0,0,0.0,0.0,0.0,0,0.0,0.0,0.0,1,0.6863,0
52.0,4.914,1.0,1.0,0.0,1.0,1,0.0,0,1.0,1.0,1.0,0,1.0,0.0,0.0,1,0.7827,1
56.0,8.56,0.0,0.0,0.0,0.0,0,0.0,0,0.0,0.0,0.0,0,0.0,0.0,0.0,0,0.2024,0
40.0,3.652,1.0,0.0,1.0,0.0,1,0.0,0,1.0,0.0,0.0,0,1.0,0.0,0.0,1,0.3053,1
34.0,4.772,1.0,0.0,0.0,0.0,1,0.0,0,0.0,0.0,1.0,0,1.0,0.0,0.0,1,0.34,1
41.0,9.046,0.0,0.0,0.0,1.0,1,0.0,0,0.0,0.0,0.0,0,0.0,0.0,0.0,1,0.3608,1
30.0,2.982,0.0,0.0,0.0,0.0,0,0.0,0,0.0,0.0,0.0,0,0.0,0.0,0.0,0,0.2426,0
74.0,5.76,1.0,1.0,0.0,0.0,1,0.0,0,0.0,1.0,0.0,0,0.0,0.0,0.0,1,0.515,1
54.0,3.498,0.0,0.0,0.0,0.0,0,0.0,0,0.0,0.0,0.0,0,0.0,0.0,0.0,0,0.1915,0
54.0,3.852,0.0,1.0,0.0,0.0,1,0.0,0,0.0,1.0,1.0,0,0.0,0.0,0.0,0,0.2703,1
41.0,9.06,1.0,1.0,1.0,1.0,1,0.0,0,1.0,0.0,0.0,0,0.0,0.0,0.0,1,0.6801,1
39.0,9.434,0.0,0.0,0.0,0.0,1,0.0,0,0.0,0.0,0.0,0,0.0,0.0,0.0,0,0.1867,1
42.0,6.474,1.0,0.0,0.0,0.0,0,1.0,0,0.0,1.0,0.0,0,0.0,0.0,0.0,1,0.4505,0
50.0,9.596,0.0,0.0,0.0,0.0,0,0.0,0,0.0,0.0,0.0,0,0.0,0.0,0.0,0,0.1859,0
34.0,7.83,0.0,1.0,1.0,0.0,1,0.0,0,0.0,0.0,0.0,0,0.0,0.0,0.0,1,0.5038,1
47.0,10.148,1.0,1.0,1.0,0.0,1,0.0,0,0.0,0.0,0.0,0,0.0,0.0,0.0,1,0.4799,1
32.0,3.566,0.0,0.0,0.0,0.0,0,0.0,0,1.0,0.0,0.0,0,0.0,0.0,0.0,0,0.1568,0
56.0,5.662,0.0,0.0,0.0,0.0,1,0.0,0,0.0,1.0,0.0,0,1.0,0.0,0.0,0,0.2417,1
32.0,8.498,1.0,1.0,1.0,1.0,1,0.0,0,1.0,0.0,0.0,0,0.0,0.0,0.0,1,0.6825,1
28.0,6.632,0.0,0.0,0.0,0.0,0,0.0,0,0.0,0.0,0.0,0,0.0,0.0,0.0,0,0.2743,0
25.0,3.828,0.0,0.0,0.0,0.0,0,0.0,0,0.0,0.0,0.0,0,0.0,0.0,1.0,0,0.1908,0
47.0,4.642,1.0,0.0,1.0,0.0,1,0.0,0,1.0,1.0,1.0,0,0.0,0.0,0.0,1,0.5109,1
53.0,7.42,0.0,0.0,0.0,0.0,0,0.0,0,0.0,0.0,0.0,0,0.0,0.0,0.0,0,0.2804,0
74.0,2.708,0.0,0.0,0.0,1.0,0,1.0,0,0.0,0.0,0.0,0,0.0,0.0,0.0,1,0.4404,0
39.0,1.576,0.0,0.0,0.0,0.0,0,0.0,0,0.0,0.0,0.0,0,0.0,0.0,0.0,1,0.3114,0
45.0,1.514,0.0,0.0,0.0,0.0,0,0.0,0,1.0,0.0,0.0,0,0.0,0.0,0.0,0,0.2786,0
59.0,5.82,0.0,0.0,0.0,0.0,1,0.0,0,0.0,0.0,0.0,0,0.0,0.0,0.0,0,0.2753,1
37.0,8.638,1.0,0.0,0.0,1.0,1,0.0,0,0.0,0.0,0.0,0,1.0,0.0,0.0,1,0.6151,1
36.0,4.592,1.0,0.0,0.0,1.0,0,0.0,0,0.0,0.0,0.0,0,1.0,0.0,0.0,1,0.6441,0
22.0,7.22,0.0,0.0,0.0,0.0,1,0.0,0,0.0,0.0,0.0,0,0.0,0.0,1.0,1,0.3077,1
59.0,6.2,0.0,0.0,0.0,0.0,0,0.0,0,0.0,0.0,0.0,0,0.0,0.0,0.0,0,0.2625,0
26.0,4.888,0.0,0.0,0.0,0.0,0,0.0,0,0.0,0.0,0.0,0,0.0,0.0,0.0,0,0.2464,0
56.0,3.32,1.0,1.0,0.0,0.0,1,0.0,0,1.0,1.0,0.0,0,0.0,0.0,0.0,1,0.3933,1
51.0,3.9,0.0,0.0,0.0,0.0,0,0.0,0,0.0,0.0,0.0,0,0.0,0.0,0.0,0,0.1974,0
62.0,4.518,0.0,0.0,0.0,1.0,1,0.0,0,0.0,0.0,0.0,0,1.0,0.0,0.0,1,0.4759,1
29.0,7.076,1.0,1.0,1.0,0.0,0,0.0,0,1.0,0.0,0.0,0,1.0,0.0,0.0,1,0.5643,0
53.0,4.878,0.0,0.0,0.0,0.0,0,0.0,0,0.0,0.0,0.0,0,0.0,0.0,0.0,0,0.2464,0
43.0,2.596,0.0,0.0,0.0,0.0,1,0.0,0,0.0,0.0,0.0,0,0.0,0.0,0.0,0,0.2145,1
65.0,8.482,0.0,0.0,0.0,0.0,0,0.0,0,0.0,0.0,0.0,0,0.0,1.0,0.0,0,0.2117,0
51.0,4.082,1.0,1.0,1.0,0.0,1,0.0,0,0.0,0.0,1.0,1,0.0,0.0,0.0,1,0.6802,1
42.0,9.38,0.0,1.0,1.0,0.0,1,0.0,1,0.0,0.0,0.0,0,0.0,0.0,0.0,1,0.4287,1
49.0,1.064,1.0,1.0,0.0,1.0,0,0.0,0,1.0,0.0,0.0,0,0.0,0.0,0.0,1,0.6713,0
42.0,5.62,0.0,0.0,0.0,0.0,1,0.0,0,0.0,0.0,0.0,0,0.0,0.0,0.0,0,0.2644,1
38.0,5.5,0.0,1.0,0.0,0.0,0,0.0,0,0.0,0.0,0.0,0,0.0,0.0,0.0,1,0.3084,0
23.0,5.018,1.0,1.0,1.0,1.0,1,0.0,0,1.0,1.0,0.0,0,0.0,0.0,1.0,1,0.6927,1
20.0,5.422,0.0,0.0,0.0,0.0,1,1.0,0,0.0,1.0,0.0,0,0.0,0.0,1.0,1,0.367,1
53.0,6.634,1.0,0.0,0.0,0.0,0,0.0,0,0.0,0.0,1.0,0,0.0,0.0,0.0,1,0.3975,0
61.0,2.474,0.0,0.0,0.0,0.0,1,0.0,0,0.0,0.0,0.0,0,0.0,0.0,0.0,0,0.2159,1
47.0,3.628,1.0,1.0,0.0,0.0,1,0.0,0,0.0,1.0,0.0,0,1.0,0.0,0.0,1,0.4474,1
39.0,2.166,0.0,1.0,0.0,1.0,0,0.0,0,0.0,1.0,1.0,0,0.0,0.0,0.0,1,0.7163,0
38.0,7.56,0.0,0.0,0.0,0.0,0,0.0,0,0.0,0.0,0.0,0,0.0,0.0,0.0,0,0.2675,0
51.0,3.1,0.0,0.0,0.0,0.0,0,0.0,0,0.0,0.0,0.0,0,0.0,0.0,0.0,0,0.2038,0
28.0,7.924,0.0,0.0,0.0,0.0,0,0.0,0,0.0,0.0,0.0,0,0.0,0.0,0.0,0,0.2681,0
32.0,5.752,1.0,1.0,1.0,1.0,1,0.0,0,0.0,0.0,0.0,0,0.0,0.0,0.0,1,0.7649,1
59.0,4.424,1.0,0.0,0.0,1.0,1,0.0,0,0.0,0.0,0.0,0,0.0,0.0,0.0,1,0.5723,1
38.0,3.24,1.0,1.0,1.0,1.0,1,0.0,0,1.0,0.0,0.0,1,0.0,1.0,0.0,1,0.7656,1
31.0,4.87,0.0,0.0,0.0,0.0,0,0.0,0,1.0,0.0,0.0,0,1.0,0.0,0.0,0,0.1962,0
51.0,5.342,0.0,0.0,0.0,0.0,1,0.0,0,0.0,0.0,0.0,0,0.0,0.0,0.0,0,0.2795,1
61.0,2.61,0.0,1.0,0.0,0.0,0,0.0,0,0.0,0.0,0.0,0,1.0,0.0,0.0,0,0.2554,0
58.0,8.524,0.0,0.0,0.0,0.0,0,0.0,0,0.0,0.0,0.0,0,0.0,0.0,0.0,0,0.2024,0
86.0,5.186,0.0,0.0,0.0,0.0,0,0.0,0,0.0,0.0,0.0,0,0.0,0.0,0.0,0,0.2711,0
71.0,9.334,1.0,1.0,1.0,1.0,1,1.0,0,1.0,1.0,1.0,0,0.0,1.0,0.0,1,0.8429,1
53.0,7.46,0.0,0.0,0.0,0.0,0,0.0,0,0.0,0.0,0.0,0,0.0,0.0,0.0,0,0.2804,0
62.0,7.788,1.0,1.0,0.0,1.0,1,0.0,0,1.0,0.0,1.0,0,1.0,0.0,0.0,1,0.8041,1
24.0,12.964,0.0,0.0,0.0,0.0,0,0.0,0,0.0,0.0,0.0,0,0.0,0.0,1.0,1,0.3128,0
41.0,8.916,0.0,0.0,0.0,0.0,1,0.0,0,0.0,0.0,0.0,0,0.0,0.0,0.0,0,0.2034,1
50.0,2.382,0.0,0.0,0.0,0.0,1,0.0,0,0.0,0.0,0.0,0,0.0,0.0,0.0,0,0.2478,1
38.0,11.578,1.0,1.0,0.0,1.0,1,0.0,0,0.0,0.0,0.0,0,0.0,0.0,0.0,1,0.6268,1
41.0,8.32,1.0,0.0,1.0,0.0,1,0.0,0,0.0,1.0,0.0,0,0.0,0.0,0.0,1,0.394,1
55.0,12.818,1.0,1.0,0.0,1.0,1,0.0,0,0.0,1.0,0.0,0,0.0,1.0,0.0,1,0.7673,1
35.0,2.684,0.0,0.0,0.0,0.0,1,0.0,0,0.0,0.0,0.0,0,0.0,0.0,0.0,0,0.2158,1
63.0,10.204,0.0,0.0,1.0,0.0,0,0.0,0,0.0,0.0,0.0,0,0.0,0.0,0.0,0,0.2457,0
54.0,7.728,0.0,0.0,0.0,1.0,1,0.0,0,0.0,0.0,0.0,0,0.0,0.0,0.0,1,0.449,1
60.0,2.702,0.0,0.0,0.0,0.0,0,0.0,0,0.0,0.0,0.0,0,0.0,0.0,0.0,0,0.2158,0
54.0,4.392,1.0,0.0,0.0,0.0,1,0.0,0,1.0,0.0,0.0,0,1.0,0.0,0.0,0,0.2751,1
33.0,9.484,1.0,0.0,1.0,1.0,0,0.0,0,0.0,0.0,0.0,0,0.0,0.0,0.0,1,0.5733,0
43.0,7.132,1.0,0.0,0.0,0.0,1,0.0,0,1.0,1.0,0.0,0,0.0,0.0,0.0,1,0.4025,1
60.0,8.916,0.0,0.0,0.0,0.0,0,0.0,0,1.0,0.0,0.0,0,0.0,0.0,0.0,0,0.1789,0
56.0,5.976,1.0,1.0,0.0,1.0,1,0.0,0,0.0,0.0,0.0,0,0.0,0.0,0.0,1,0.6917,1
62.0,9.07,1.0,1.0,0.0,1.0,0,0.0,0,0.0,0.0,0.0,0,0.0,0.0,0.0,1,0.6302,0
48.0,11.982,1.0,1.0,1.0,1.0,1,1.0,0,0.0,1.0,0.0,0,0.0,0.0,0.0,1,0.73,1
33.0,18.246,0.0,0.0,0.0,0.0,0,0.0,0,0.0,0.0,0.0,0,0.0,0.0,0.0,1,0.3236,0
22.0,4.39,1.0,0.0,1.0,1.0,1,0.0,0,0.0,0.0,0.0,0,1.0,0.0,1.0,1,0.6917,1
57.0,1.7,0.0,0.0,0.0,0.0,1,0.0,0,0.0,0.0,0.0,0,0.0,0.0,0.0,1,0.3326,1
22.0,8.61,0.0,0.0,0.0,0.0,0,0.0,0,0.0,0.0,0.0,0,0.0,0.0,1.0,0,0.282,0
41.0,7.952,1.0,0.0,0.0,0.0,0,1.0,1,0.0,0.0,0.0,0,0.0,0.0,0.0,1,0.4303,0
65.0,6.528,1.0,1.0,1.0,1.0,1,0.0,0,1.0,0.0,0.0,0,0.0,0.0,0.0,1,0.7375,1
64.0,3.25,1.0,0.0,0.0,0.0,1,0.0,0,0.0,1.0,0.0,0,0.0,0.0,0.0,1,0.3486,1
38.0,11.226,0.0,0.0,0.0,1.0,1,0.0,0,0.0,0.0,0.0,0,0.0,0.0,0.0,1,0.358,1
67.0,2.988,0.0,0.0,0.0,1.0,0,0.0,0,1.0,1.0,0.0,0,1.0,0.0,0.0,1,0.5526,0
41.0,8.046,0.0,0.0,0.0,0.0,0,0.0,0,0.0,0.0,0.0,0,0.0,0.0,0.0,0,0.2663,0
56.0,10.946,0.0,0.0,0.0,0.0,0,0.0,0,0.0,0.0,0.0,0,0.0,0.0,0.0,0,0.1963,0
60.0,3.928,0.0,0.0,0.0,0.0,0,0.0,0,0.0,0.0,0.0,0,0.0,0.0,0.0,0,0.1974,0
40.0,5.268,1.0,0.0,0.0,0.0,1,0.0,0,1.0,0.0,0.0,0,1.0,0.0,0.0,1,0.3321,1
60.0,7.784,0.0,0.0,0.0,0.0,1,0.0,0,0.0,0.0,0.0,0,0.0,0.0,0.0,0,0.2572,1
68.0,3.948,1.0,1.0,0.0,0.0,1,0.0,0,0.0,0.0,0.0,0,0.0,0.0,0.0,1,0.4004,1
69.0,3.642,1.0,1.0,1.0,1.0,1,0.0,0,0.0,0.0,0.0,0,0.0,1.0,0.0,1,0.7511,1
33.0,4.772,0.0,0.0,0.0,0.0,0,0.0,0,0.0,0.0,0.0,0,0.0,0.0,0.0,0,0.2483,0
33.0,3.182,1.0,1.0,1.0,1.0,1,0.0,0,0.0,0.0,0.0,0,0.0,0.0,0.0,1,0.7316,1
39.0,5.53,0.0,0.0,0.0,0.0,1,0.0,0,0.0,0.0,0.0,0,1.0,0.0,0.0,0,0.2509,1
68.0,8.534,0.0,0.0,0.0,0.0,1,0.0,0,0.0,0.0,0.0,0,0.0,0.0,0.0,0,0.2024,1
69.0,8.134,1.0,0.0,0.0,0.0,0,0.0,0,0.0,0.0,0.0,0,1.0,0.0,0.0,0,0.2967,0
21.0,3.522,0.0,1.0,0.0,0.0,0,0.0,0,1.0,0.0,0.0,0,1.0,0.0,1.0,0,0.2746,0
46.0,5.708,0.0,0.0,0.0,1.0,1,0.0,1,1.0,1.0,0.0,0,1.0,0.0,0.0,1,0.6724,1
44.0,4.076,0.0,0.0,0.0,0.0,1,0.0,0,0.0,0.0,0.0,0,0.0,0.0,0.0,0,0.234,1
30.0,1.186,0.0,0.0,0.0,0.0,0,0.0,0,0.0,0.0,0.0,0,0.0,0.0,0.0,1,0.3062,0
32.0,6.75,0.0,0.0,0.0,0.0,1,0.0,0,0.0,0.0,0.0,0,0.0,0.0,0.0,0,0.2711,1
34.0,10.134,0.0,0.0,0.0,0.0,1,0.0,0,0.0,1.0,0.0,0,0.0,0.0,0.0,0,0.1922,1
59.0,5.462,1.0,0.0,0.0,0.0,0,0.0,0,0.0,1.0,0.0,0,1.0,0.0,0.0,1,0.4246,0
36.0,2.182,1.0,0.0,0.0,1.0,0,0.0,0,0.0,0.0,0.0,0,1.0,0.0,0.0,1,0.7316,0
23.0,4.404,1.0,0.0,0.0,0.0,0,0.0,0,0.0,0.0,0.0,0,1.0,0.0,1.0,0,0.2749,0
27.0,10.1,1.0,0.0,0.0,0.0,0,0.0,1,0.0,0.0,0.0,0,1.0,1.0,0.0,1,0.3563,0
45.0,7.946,0.0,0.0,0.0,0.0,0,0.0,0,0.0,0.0,0.0,0,0.0,0.0,0.0,0,0.2681,0
57.0,2.354,0.0,0.0,0.0,0.0,0,0.0,0,1.0,0.0,0.0,0,1.0,0.0,0.0,0,0.1943,0
75.0,4.054,1.0,1.0,0.0,1.0,1,1.0,0,0.0,1.0,0.0,0,0.0,0.0,0.0,1,0.7158,1
58.0,9.858,0.0,0.0,0.0,0.0,0,0.0,0,0.0,0.0,0.0,0,0.0,0.0,0.0,0,0.1927,0
47.0,4.044,1.0,1.0,0.0,1.0,1,0.0,0,0.0,0.0,0.0,0,1.0,0.0,0.0,1,0.743,1
22.0,11.852,1.0,1.0,1.0,1.0,1,0.0,0,1.0,1.0,0.0,0,0.0,0.0,1.0,1,0.794,1
56.0,5.874,1.0,1.0,1.0,0.0,1,0.0,0,0.0,0.0,1.0,0,1.0,1.0,0.0,1,0.6378,1
34.0,7.14,1.0,1.0,1.0,1.0,1,0.0,0,0.0,0.0,0.0,0,0.0,0.0,0.0,1,0.7597,1
37.0,5.516,1.0,0.0,1.0,0.0,0,0.0,0,0.0,0.0,0.0,0,1.0,0.0,0.0,1,0.4356,0
35.0,2.644,0.0,0.0,0.0,1.0,1,0.0,0,0.0,0.0,0.0,0,1.0,0.0,0.0,1,0.4788,1
44.0,2.752,0.0,0.0,0.0,0.0,1,0.0,0,0.0,0.0,0.0,0,1.0,0.0,0.0,0,0.1993,1
25.0,7.382,0.0,1.0,0.0,1.0,1,0.0,0,0.0,0.0,1.0,0,0.0,0.0,1.0,1,0.6344,1
23.0,8.408,1.0,0.0,0.0,0.0,0,0.0,0,1.0,0.0,0.0,0,0.0,0.0,1.0,0,0.235,0
48.0,3.532,0.0,0.0,0.0,0.0,0,0.0,0,0.0,0.0,0.0,0,0.0,0.0,0.0,0,0.1915,0
42.0,8.758,1.0,0.0,0.0,0.0,0,0.0,0,0.0,0.0,0.0,0,1.0,0.0,0.0,0,0.2825,0
59.0,2.002,0.0,0.0,0.0,0.0,0,0.0,0,1.0,1.0,0.0,0,1.0,1.0,0.0,0,0.2619,0
37.0,12.672,0.0,0.0,1.0,1.0,1,0.0,0,0.0,0.0,0.0,0,1.0,0.0,0.0,1,0.5281,1
59.0,6.97,1.0,1.0,1.0,0.0,1,0.0,0,0.0,0.0,0.0,0,0.0,1.0,0.0,1,0.6087,1
41.0,6.174,1.0,1.0,1.0,0.0,0,0.0,0,1.0,0.0,0.0,0,0.0,0.0,0.0,1,0.527,0
26.0,4.932,1.0,1.0,0.0,0.0,1,0.0,0,0.0,0.0,0.0,0,0.0,0.0,0.0,1,0.3838,1
55.0,7.384,0.0,0.0,0.0,0.0,0,0.0,0,0.0,0.0,0.0,0,1.0,0.0,0.0,0,0.2471,0
48.0,8.584,0.0,0.0,0.0,0.0,0,0.0,0,0.0,0.0,0.0,0,0.0,0.0,0.0,0,0.2024,0
39.0,14.226,1.0,0.0,1.0,1.0,1,1.0,0,1.0,0.0,0.0,0,1.0,0.0,0.0,1,0.7251,1
37.0,12.496,0.0,0.0,0.0,0.0,0,0.0,0,0.0,0.0,0.0,0,0.0,0.0,0.0,0,0.1975,0
68.0,8.614,1.0,0.0,0.0,0.0,0,0.0,0,0.0,0.0,0.0,0,0.0,0.0,0.0,0,0.2979,0
56.0,2.956,0.0,0.0,0.0,0.0,0,0.0,0,0.0,0.0,0.0,0,0.0,0.0,0.0,0,0.247,0
40.0,9.816,1.0,0.0,0.0,1.0,0,0.0,0,0.0,0.0,0.0,0,0.0,0.0,0.0,1,0.5627,0
36.0,3.716,1.0,1.0,0.0,1.0,0,0.0,0,0.0,0.0,0.0,0,0.0,0.0,0.0,1,0.6617,0
19.0,1.574,1.0,0.0,0.0,0.0,0,0.0,0,0.0,0.0,0.0,0,0.0,0.0,1.0,1,0.3826,0
42.0,2.716,0.0,0.0,0.0,0.0,0,0.0,0,0.0,0.0,0.0,0,0.0,0.0,0.0,0,0.2173,0
43.0,8.72,0.0,0.0,0.0,0.0,0,1.0,0,0.0,0.0,0.0,0,1.0,0.0,0.0,0,0.2435,0
64.0,4.046,0.0,0.0,0.0,0.0,0,0.0,0,0.0,0.0,0.0,0,0.0,0.0,0.0,0,0.234,0
22.0,3.108,0.0,0.0,0.0,0.0,0,0.0,0,0.0,0.0,0.0,0,0.0,0.0,1.0,0,0.2829,0
67.0,1.744,0.0,0.0,0.0,0.0,0,0.0,0,0.0,0.0,0.0,0,1.0,0.0,0.0,0,0.2517,0
33.0,13.41,0.0,0.0,1.0,0.0,0,0.0,1,1.0,0.0,0.0,0,0.0,0.0,0.0,1,0.3527,0
21.0,5.948,0.0,0.0,0.0,0.0,0,0.0,0,0.0,0.0,0.0,0,0.0,0.0,1.0,0,0.2775,0
35.0,1.078,0.0,0.0,0.0,0.0,0,0.0,0,0.0,0.0,0.0,0,0.0,0.0,0.0,1,0.3218,0
30.0,13.486,1.0,1.0,0.0,1.0,1,1.0,0,0.0,1.0,0.0,0,0.0,1.0,0.0,1,0.8282,1
89.0,0.912,0.0,0.0,0.0,0.0,0,0.0,0,0.0,0.0,0.0,0,0.0,0.0,0.0,0,0.2971,0
69.0,10.608,0.0,0.0,0.0,1.0,0,0.0,0,0.0,0.0,0.0,0,0.0,0.0,0.0,1,0.3333,0
33.0,9.532,0.0,1.0,0.0,0.0,0,0.0,0,1.0,0.0,0.0,0,0.0,0.0,0.0,0,0.1951,0
63.0,2.944,0.0,0.0,0.0,0.0,1,0.0,0,0.0,0.0,0.0,0,0.0,0.0,0.0,0,0.247,1
34.0,4.8,0.0,0.0,0.0,0.0,0,0.0,0,0.0,0.0,0.0,0,0.0,0.0,0.0,0,0.2483,0
35.0,13.184,0.0,0.0,0.0,0.0,1,0.0,0,0.0,0.0,0.0,0,0.0,0.0,0.0,0,0.2956,1
26.0,2.878,0.0,0.0,0.0,0.0,0,0.0,0,0.0,0.0,0.0,0,1.0,0.0,0.0,0,0.1889,0
40.0,9.576,0.0,0.0,0.0,0.0,0,0.0,0,0.0,0.0,0.0,0,0.0,0.0,0.0,0,0.1859,0
41.0,2.406,1.0,1.0,1.0,1.0,0,0.0,0,0.0,0.0,0.0,0,0.0,0.0,0.0,1,0.7458,0
42.0,14.032,1.0,1.0,0.0,1.0,1,0.0,0,0.0,0.0,0.0,0,1.0,0.0,0.0,1,0.7252,1
30.0,16.792,0.0,0.0,0.0,1.0,1,0.0,0,0.0,0.0,0.0,0,0.0,0.0,0.0,1,0.4417,1
67.0,10.082,0.0,0.0,0.0,0.0,1,0.0,0,0.0,0.0,0.0,0,0.0,0.0,0.0,0,0.1936,1
42.0,8.786,1.0,1.0,1.0,0.0,1,0.0,0,0.0,0.0,1.0,0,0.0,0.0,0.0,1,0.5885,1
36.0,1.936,1.0,0.0,0.0,0.0,0,0.0,0,1.0,0.0,0.0,0,0.0,0.0,0.0,1,0.3442,0
37.0,9.508,1.0,1.0,1.0,1.0,1,0.0,0,0.0,1.0,1.0,0,1.0,0.0,0.0,1,0.8508,1
48.0,6.912,0.0,0.0,0.0,0.0,0,0.0,0,0.0,0.0,0.0,0,0.0,0.0,0.0,0,0.2773,0
31.0,7.7,1.0,1.0,1.0,1.0,1,0.0,0,0.0,0.0,0.0,0,0.0,0.0,0.0,1,0.7616,1
36.0,8.162,1.0,1.0,0.0,1.0,0,0.0,0,0.0,1.0,1.0,0,0.0,1.0,0.0,1,0.7889,0
35.0,2.208,0.0,1.0,0.0,1.0,1,0.0,0,0.0,1.0,0.0,0,0.0,0.0,0.0,1,0.5811,1
49.0,9.006,1.0,0.0,0.0,0.0,0,0.0,0,0.0,0.0,0.0,0,0.0,0.0,0.0,0,0.2842,0
49.0,2.138,0.0,0.0,0.0,0.0,0,0.0,0,0.0,0.0,0.0,0,1.0,0.0,0.0,0,0.2447,0
44.0,9.394,1.0,0.0,1.0,0.0,0,0.0,1,0.0,0.0,0.0,0,1.0,0.0,0.0,1,0.3636,0
40.0,8.024,1.0,1.0,1.0,0.0,0,0.0,0,1.0,0.0,0.0,0,1.0,1.0,0.0,1,0.615,0
20.0,5.442,0.0,1.0,0.0,0.0,0,0.0,0,0.0,0.0,0.0,0,1.0,0.0,1.0,1,0.3303,0
71.0,5.658,0.0,0.0,0.0,0.0,0,0.0,0,0.0,0.0,0.0,0,0.0,1.0,0.0,0,0.2412,0
65.0,7.862,0.0,0.0,0.0,0.0,0,0.0,0,0.0,0.0,0.0,0,0.0,0.0,0.0,0,0.2681,0
28.0,5.1,1.0,1.0,1.0,1.0,0,1.0,0,0.0,0.0,0.0,0,0.0,0.0,0.0,1,0.7433,0
22.0,3.656,0.0,0.0,0.0,0.0,0,0.0,0,0.0,0.0,0.0,0,0.0,0.0,1.0,0,0.2828,0
34.0,5.696,0.0,0.0,0.0,0.0,0,0.0,0,1.0,0.0,0.0,0,1.0,0.0,0.0,0,0.2374,0
60.0,7.228,0.0,1.0,0.0,0.0,0,0.0,0,0.0,0.0,0.0,0,0.0,0.0,0.0,1,0.328,0
36.0,6.796,0.0,0.0,0.0,0.0,0,0.0,0,0.0,0.0,0.0,0,0.0,0.0,0.0,0,0.2732,0
40.0,1.792,0.0,0.0,0.0,0.0,0,0.0,0,0.0,0.0,0.0,0,0.0,0.0,0.0,0,0.2536,0
46.0,3.708,0.0,0.0,0.0,1.0,1,0.0,0,1.0,1.0,0.0,0,0.0,0.0,0.0,1,0.3992,1
37.0,12.712,0.0,0.0,0.0,0.0,0,0.0,0,0.0,0.0,0.0,0,0.0,0.0,0.0,0,0.2532,0
62.0,2.306,0.0,0.0,0.0,0.0,1,0.0,0,0.0,0.0,0.0,0,0.0,0.0,0.0,0,0.2535,1
32.0,6.344,1.0,1.0,1.0,0.0,0,0.0,0,0.0,0.0,1.0,0,0.0,0.0,0.0,1,0.6279,0
46.0,8.346,0.0,0.0,1.0,1.0,1,0.0,0,1.0,0.0,0.0,0,1.0,0.0,0.0,1,0.4485,1
30.0,17.506,0.0,0.0,0.0,0.0,0,0.0,0,0.0,0.0,0.0,0,0.0,0.0,0.0,0,0.2885,0
74.0,4.194,0.0,0.0,0.0,0.0,0,0.0,0,0.0,0.0,0.0,0,0.0,0.0,0.0,0,0.2265,0
26.0,3.59,0.0,0.0,0.0,0.0,1,0.0,0,0.0,0.0,0.0,0,0.0,0.0,0.0,0,0.1938,1
37.0,7.416,1.0,1.0,0.0,1.0,1,0.0,0,0.0,1.0,0.0,0,0.0,0.0,0.0,1,0.736,1
47.0,7.08,0.0,0.0,0.0,0.0,0,0.0,0,0.0,0.0,0.0,0,0.0,0.0,0.0,0,0.2754,0
57.0,3.002,1.0,0.0,1.0,1.0,1,0.0,0,0.0,0.0,0.0,0,1.0,1.0,0.0,1,0.6999,1
56.0,15.556,1.0,1.0,0.0,1.0,1,0.0,0,1.0,0.0,0.0,0,0.0,0.0,0.0,1,0.6042,1
47.0,4.536,1.0,0.0,0.0,1.0,1,0.0,0,0.0,0.0,0.0,0,0.0,0.0,0.0,1,0.5839,1
72.0,3.56,0.0,1.0,0.0,0.0,0,1.0,0,0.0,1.0,0.0,0,0.0,0.0,0.0,0,0.2394,0
69.0,1.574,0.0,0.0,0.0,0.0,0,0.0,0,0.0,0.0,0.0,0,0.0,0.0,0.0,1,0.3114,0
22.0,12.626,1.0,1.0,0.0,1.0,0,0.0,0,0.0,0.0,0.0,0,1.0,0.0,1.0,1,0.7712,0
26.0,16.726,0.0,0.0,0.0,0.0,1,0.0,0,0.0,0.0,0.0,0,1.0,0.0,0.0,0,0.2766,1
